age,raw_curve_20%,smoothed_curve_20%,raw_curve_40%,smoothed_curve_40%,raw_curve_60%,smoothed_curve_60%,raw_curve_80%,smoothed_curve_80%,raw_curve_100%,smoothed_curve_100%
0,0.0,3.775842124660805,0.0,10.593541512037405,0.0,4.1729609419537415,0.0,-2.359832488475822,0.0,-4.629760268608898
1,0.288063722611526,4.214300816191125,0.2919213101614989,10.536596725381308,2.263688802719116,5.467458719869546,2.263688802719116,0.2453886420077036,2.263688802719116,-1.5782704192435797
2,3.766622986217059,4.652378225274519,7.557639067723098,10.559940917800473,7.654323560665144,6.769721506592216,7.654323560665144,2.7646484137036826,7.654323560665144,1.3557047775044868
3,4.7272236800425915,5.090056725536723,7.912937496525881,10.659681655598632,8.858808422335002,8.078969481577348,8.858808422335002,5.201557308226695,8.858808422335002,4.176855210369148
4,5.40551800150701,5.527319827641643,11.068521640723208,10.83202111479082,11.054690955410804,9.394440756246226,11.054690955410804,7.559634032284789,11.054690955410804,6.889765967047346
5,7.242703163399261,5.964152143763966,11.512093302912684,11.07325507922619,11.397062384655992,10.71539117498575,11.397062384655992,9.842306478541515,11.397062384655992,9.498918274404584
6,7.260603720491884,6.4005393520617595,11.95566496510216,11.37977193871086,14.4944712534742,12.041094116148326,15.068889956975216,12.05291268647794,14.628280376353752,12.008690438680375
7,7.2785042775845055,6.836468161149067,13.342635364973708,11.748051687130731,14.719394051908031,13.370840293051794,16.33821094141947,14.194701803254672,15.428219745268764,14.423358785693718
8,7.310104746007196,7.27192627456853,13.527564728505402,12.17466492057432,14.94431685034186,14.70393755497933,17.60753192586372,16.270835044573897,17.42748005040756,16.747098601048524
9,7.370376172048239,7.706902355263971,13.712494092037097,12.656271835455595,15.16923964877569,16.039710688179362,18.18099567746787,18.284386655541375,18.18099567746787,18.983985070339102
10,8.668074765605626,8.14138599005301,13.897423455568791,13.189621226636794,18.04619113393352,17.377501216865475,18.52661207429511,20.2383448715285,18.52661207429511,21.137994219355612
11,9.077708565505342,8.575367654099665,14.948738360049173,13.771549485551262,20.090364985480626,18.71666720421632,20.945377960720144,22.135612879034284,20.945377960720144,23.213003854289504
12,9.645971791461497,9.008838675386952,18.581592393873123,14.398979598326285,21.302514488421284,20.05658305337555,24.374539799097374,23.979009776547418,24.374539799097374,25.212794501939
13,10.24055410320638,9.441791199189495,21.70262951486344,15.06892014390591,23.040319658629606,21.396639308451697,24.42284458394136,25.771271535408257,24.42284458394136,27.141050349914533
14,10.826172911411733,9.874218152546122,21.73220423088246,15.778464292173776,24.372151844987034,22.73624245551808,24.45431663200902,27.515051960670892,24.45431663200902,29.00136018684423
15,11.298526307641323,10.306113208732473,21.76177894690148,16.52478880207596,24.776300467014085,24.074814723612782,27.130625943366866,29.21292365196512,27.982177309775857,30.79721834257932
16,11.77087970387091,10.7374707517336,21.7913536629205,17.305153019743784,26.925014259879,25.411793885738454,27.537627530485555,30.86737896435851,29.705755744239763,32.532025628399666
17,12.243233100100499,11.168285840716578,21.876457656319015,18.116897876616648,27.92871709938222,26.746633059862333,27.944629117604244,32.480830969218395,30.660711236030266,34.20909027721914
18,12.715586496330086,11.598554174503098,22.047208464757492,18.957444887564886,28.3495437410513,28.07880050991607,28.553494827871145,34.05561441507393,31.615666727820773,35.83162888379115
19,13.052174830148088,12.028272056042079,22.217959273195973,19.824295149012563,28.754401187467483,29.4077794467957,29.167891056641096,35.59398668847809,34.08223505495296,37.40276734491406
20,13.271549945117384,12.457436356882264,22.388710081634454,20.715028337060318,29.15925863388367,30.73306782936151,31.949442055682546,37.09812877486968,37.599245537257225,38.92554179963665
21,13.51461211175575,12.88604448164483,22.559460890072934,21.627301705608204,29.85920464589891,32.054178165437975,39.75498516597451,38.5701462194354,39.99779068981321,40.40289956946359
22,13.970856839829882,13.31409433249599,26.14726624589591,22.558849084478496,34.191429775395186,33.370637312813656,39.840227427757306,40.01207008797183,40.695146461762675,41.837700098560894
23,14.427101567904014,13.741584273619592,26.150482236464374,23.50747987753855,36.89455558114302,34.681986280241134,39.9254696895401,41.4258579277475,41.39250223371214,43.232715893961355
24,14.883346295978146,14.168513095689729,26.153698227032834,24.47107806082359,38.756230292821805,35.987780028436894,40.0107119513229,42.81339472836485,42.08985800566161,44.590633465770026
25,16.25450482645282,14.594879980343334,26.156914217601297,25.44760118065959,39.28319276791347,37.287587271081236,40.09595421310569,44.17649388262229,42.78721377761108,45.914054267369664
26,16.358322744084756,15.020684464652795,26.16013020816976,26.435079351786058,39.81015524300514,38.58099027581821,40.18119647488849,45.516898147376246,43.48456954956055,47.205495635626235
27,16.462140661716692,15.445926405598549,26.804756225715415,27.431614255478898,40.459960659171195,39.86758466525551,40.83199279480614,46.83628060440313,45.226523565328726,48.46739173109428
28,16.56595857934863,15.870605944541683,31.6453773652307,28.435378137673222,41.754692248179474,41.146979217964365,44.451951290899885,48.13624562126142,46.9684775810969,49.702094478222456
29,16.669776496980568,16.29472347169655,33.54941518144201,29.444612807086184,43.049423837187746,42.418795669479515,48.071909786993636,49.41832981215362,48.71043159686508,50.91187450555895
30,16.773594414612504,16.71827959060336,33.591937436745205,30.457628633339812,44.344155426196025,43.68266851329906,50.28033629593561,50.684002998788365,50.28033629593561,52.09892208595694
31,16.86888222570011,17.141275082600796,33.6344596920484,31.47280354508383,45.6388870152043,44.93824480188437,51.7616094685608,51.93466917124235,51.7616094685608,53.2653480767801
32,16.897434108900075,17.563710871298603,33.6769819473516,32.488582028118515,46.35785898178807,46.18518394766006,53.24288264118598,53.171667448822426,53.24288264118598,54.413184860107975
33,16.92598599210004,17.985587987050195,33.719504202654804,33.50347412351748,46.485511398165876,47.42315752401381,54.63503352227646,54.396273040927596,53.69762861292622,55.54438728294151
34,19.613292054269284,18.406907531425276,33.762026457958,34.516054425750546,46.61316381454368,48.651849066296364,56.00627936103108,55.60969820791104,53.91158640222782,56.66083359740846
35,19.969946643199638,18.82767064168241,34.157936610320036,35.52496108080655,46.74081623092149,49.87095387282136,57.3775251997857,56.813093221942154,54.12554419152941,57.7643264009689
36,20.022368339982684,19.24787845524166,34.599017238695126,36.52889478431618,46.868468647299295,51.08017880586533,58.748771038540326,58.00754732786854,54.339501980831,58.85659357662062
37,20.074790036765727,19.667532074157172,35.16009347377835,37.52661777967482,46.9961210636771,52.27924209266753,60.120016877294944,59.19408970407806,54.5534597701326,59.93928923310464
38,20.12721173354877,20.086632529589767,36.634456742376805,38.51695285616536,49.42225884911547,53.46787312642988,61.591290805582446,60.373690423360834,61.297948273280994,61.01399464511059
39,20.185121869061145,20.505180746279578,39.1533319355802,39.49878234708099,51.41218629160721,54.6458122673169,63.195159943271676,61.54726141377131,62.2196259595443,62.08221919348231
40,20.274132785168277,20.92317750701862,40.21720037156601,40.47104712784814,52.25989867652282,55.81281064345559,64.7990290809609,62.71565741949022,63.39123914219024,63.14540130542314
41,20.603724482949474,21.340623417123425,40.43783554087735,41.43274561414918,52.63452273593228,56.968629951935355,66.40289821865014,63.87967696168666,65.48449058504694,64.2049093947015
42,20.84553256843877,21.757518868907606,40.64690554631998,42.38293276004536,53.009146795341735,58.113042259807884,68.00676735633937,65.04006329938011,67.57774202790364,65.26204280185627
43,20.968535107566975,22.1738640061545,40.78685358311416,43.320719056099556,57.61396045791808,59.24582980508711,69.45427241796001,66.1975053903024,69.45427241796001,66.31803273440227
44,21.09153764669518,22.58965868858974,40.92680161990834,44.24526952749914,59.80322613607323,60.366784797749126,69.79032106271919,67.35263885175979,69.79032106271919,67.37404320703578
45,21.214540185823388,23.004902456353886,41.06674965670252,45.155802732178834,61.00758725994207,61.475709220732035,70.12636970747835,68.50604692149498,70.12636970747835,68.4311719818399
46,22.212771894248498,23.419594494475003,41.2066976934967,46.051589758943464,62.211948383810906,62.572414630935896,70.46241835223752,69.65826141854915,70.46241835223752,69.49045150849008
47,23.294899235789455,23.83373359734129,44.55119758614488,46.931953225590874,63.0143788975806,63.65672196022263,70.7984669969967,70.80976370412391,70.7984669969967,70.55284986445957
48,23.80265968589855,24.24731813317365,47.48317177027852,47.7962662770347,63.72456430887443,64.72846131641597,71.13451564175587,71.96098564244345,71.13451564175587,71.61927169522477
49,24.310420136007647,24.660346008498333,47.504094040672506,48.64395158342719,64.43474972016826,65.78747178430129,71.47056428651503,73.11231056161644,71.47056428651503,72.69055915447089
50,24.818180586116743,25.072814632619504,47.643645809133595,49.474480338282135,65.14493513146209,66.8336012266256,71.8066129312742,74.26407421449812,71.8066129312742,73.76749284429724
51,25.32594103622584,25.484720882091874,48.145499865449786,50.28737125659756,66.33043088375987,67.8667060850974,72.06322265759651,75.41656573955234,72.06322265759651,74.8507927554227
52,25.833701486334935,25.89606106519328,48.647353921765976,51.08218957297863,67.26013000781232,68.88665118138664,72.17654529928919,76.57002862171349,72.17654529928919,75.94111920739127
53,26.471910052737,26.30683088639731,49.14920797808217,51.85854603976048,68.39467677181875,69.89330951812455,80.41311693779258,77.7246616532486,80.41311693779258,77.03907378877753
54,26.59178098522816,26.71702541084589,49.24587340017921,52.61609592513106,70.42435181734105,70.88656207990363,81.46995076033497,78.88061989461941,81.46995076033497,78.14520029739194
55,26.71165191771932,27.126639028821888,49.26915909471524,53.35453801125389,73.79575011816381,71.86629763427757,82.52678458287735,80.03801563534428,82.52678458287735,79.25998568048647
56,26.831522850210476,27.53566542022174,49.29244478925127,54.073613592390956,75.65302807777883,72.83241253276105,83.58361840541973,81.19691935486027,83.58361840541973,80.38386097495996
57,26.90237623309018,27.94409751902802,49.315730483787306,54.77310547302553,76.07483574549269,73.78481051182982,84.62849328347653,82.35736068338514,84.62849328347653,81.5172022475636
58,28.559573037427622,28.35192747778207,49.33901617832334,55.45283696598499,76.49664341320656,74.72340249392042,85.65970082433738,83.51932936277944,85.65970082433738,82.66033153510645
59,30.792221520373474,28.759146632056577,49.36230187285937,56.11267089056366,76.91845108092042,75.64810638843024,86.44455129566973,84.6827762074085,86.44455129566973,83.81351778466077
60,31.137557208921397,29.165745464928218,49.385587567395405,56.75250857064558,77.34025874863428,76.55884689271738,87.18478646164048,85.84761406500435,87.18478646164048,84.97697779376762
61,31.482892897469323,29.57171357145022,49.40887326193144,57.37228883282747,77.76206641634815,77.45555529310055,87.92502162761124,87.01371877752788,87.92502162761124,86.15087715064223
62,31.82822858601725,29.97703962312498,50.69560237627177,57.97198700454143,78.18387408406201,78.33816926585898,88.665256793582,88.1809301420309,88.665256793582,87.33533117437943
63,32.11694233896089,30.38171133237669,55.04323140014338,58.55161391217782,78.89653945186664,79.20663267823238,89.40549195955275,89.34905287151797,89.40549195955275,88.53040585515919
64,32.153432819705046,30.785715417023887,57.09608090824027,59.11121487920807,79.68652099681786,80.06089538942076,89.99656833423114,90.51785755580856,89.99656833423114,89.7361187944521
65,32.1899233004492,31.18903756475212,58.91283728492536,59.65086872430757,80.4765025417691,80.90091305158444,90.34769541688388,91.68708162239908,90.34769541688388,90.95244014522461
66,32.22641378119335,31.59166239758651,60.72959366161046,60.17068675947841,81.26648408672033,81.72664691084385,94.66537088038528,92.85643029732482,94.66537088038528,92.17929355214488
67,32.26290426193751,31.993573436364365,62.54635003829555,60.67081178817229,81.57514381248136,82.53806360827961,97.6888485391685,94.02557756602208,97.6888485391685,93.41655709178775
68,32.29939474268166,32.394753065207794,64.36310641498065,61.151417103413316,81.82023147692736,83.33513498093224,99.73338071324184,95.19416713419012,99.73338071324184,94.66406421284066
69,32.33588522342581,32.795182495996286,64.76332683375885,61.61270548592081,85.173320957752,84.1178378628022,100.4175872633386,96.36181338865322,100.4175872633386,95.92160467630885
70,32.37237570416997,33.19484173283934,64.98248388267976,62.054908202232156,85.52772255903056,84.8861538858498,100.90450084576472,97.52810235822261,100.90450084576472,97.18892549572072
71,32.408866184914125,33.59370953654907,65.20164093160066,62.478284002825696,85.88212416030913,85.64006928099504,101.39141442819084,98.69259267455865,101.39141442819084,98.4657318773337
72,32.445356665658274,33.99176338911276,65.42079798052156,62.883118120243374,86.2365257615877,86.37957467911754,101.87832801061695,99.85481653303275,101.87832801061695,99.75168816033911
73,32.48184714640243,34.38897945816553,65.63995502944246,63.269721267213846,86.59092736286628,87.10466491205656,102.36524159304308,101.01428065358934,102.36524159304308,101.0464187570683
74,32.51833762714658,34.78533256146291,65.85911207836337,63.638428634774996,86.94532896414485,87.81533881361071,103.78723567335155,102.17046724160821,103.78723567335155,102.34950909319767
75,32.554828107890735,35.180796131353446,66.07826912728427,63.989598890397055,87.48567194186111,88.51159902053809,105.31649601797746,103.32283494876592,105.8797267811853,103.6605065479539
76,32.59131858863489,35.57534217925128,66.29742617620518,64.3236131761052,90.44654968760258,89.19345177355596,106.35992127702387,104.47081983389855,108.3430586142273,104.97892139432017
77,32.62780906937904,35.96894126010882,66.51658322512607,64.64087410660257,95.86388342666277,89.86090671834089,107.40334653607027,105.61383632386315,110.72674654190556,106.30422773924084
78,32.6642995501232,36.36156243688926,66.73574027404698,64.94180476739291,96.42958560707,90.51397670652847,110.50275458362243,106.75127817440006,112.81082002930407,107.63586446382743
79,32.70079003086735,36.75317324503924,66.95489732296788,65.22684771290363,96.99528778747722,91.15267759671333,113.72567723886297,107.88251943099489,114.8948935167026,108.97323616356397
80,32.7372805116115,37.14373965696144,67.17405437188879,65.49646396460834,97.56098996788444,91.7770280554491,116.94859989410351,109.0069153897404,116.97896700410112,110.31571408851204
81,33.36014407973092,37.533226046487165,67.39321142080968,65.75113200914998,98.12669214829167,92.38704935824815,117.19444761284579,110.12380355819882,117.32234102832847,111.6626370835169
82,34.123539313137,37.92159515334895,67.61236846973058,65.99134679646343,98.6923943286989,92.98276519058163,117.3587377083248,111.23250461626343,117.61802820756193,113.01331252841234
83,34.88693454654308,38.308808047653216,67.83152551865149,66.21761873789856,99.25809650910611,93.56420144887939,117.52302780380379,112.33232337702107,117.93083077344363,114.36701727822671
84,35.65032977994916,38.69482409435277,68.0506825675724,66.43047270434272,99.82379868951334,94.1313860415298,117.68731789928279,113.42254974761387,118.62147357921893,115.72299860338768
85,40.73329241095945,39.07960091771952,68.2698396164933,66.63044702434387,100.00796915019853,94.68434868987971,118.14903391226638,114.5024596901013,119.00101027439881,117.0804751299286
86,40.74795594383581,39.46309436581699,68.48899666541419,66.81809248223333,100.04620953301897,95.22312072923448,118.70639716771193,115.57131618232218,119.36068999232296,118.43863777969298
87,40.76261947671218,39.845258474972994,68.7081537143351,66.99397131624866,100.0844499158394,95.7477349098576,119.26376042315748,116.62837017875695,119.72036971024713,119.79665071054066
88,40.777283009588544,40.226045434252185,68.927310763256,67.15865621665631,100.12269029865983,96.25822519797089,119.82112367860303,117.67286157138929,126.69718667450705,121.15365225655304
89,40.791946542464906,40.60540554992868,69.14646781217691,67.31272932387449,100.16093068148027,96.75462657675425,120.37848693404858,118.70402015056843,128.26268961458945,122.50875586823841
90,40.80661007534127,40.98328720995867,69.36562486109781,67.45678122659635,100.1991710643007,97.23697484734565,120.93585018949413,119.7210665658711,129.42663922023908,123.8610510527376
91,40.82127360821763,41.35963684845302,69.49367954052767,67.59140995991227,100.23741144712113,97.70530642984099,121.49321344493968,120.7232132869637,130.59058882588872,125.20960431402932
92,40.83593714109399,41.73439891014986,69.53651063776549,67.71722000343306,100.27565182994157,98.15965816429404,122.05057670038524,121.70966556446379,131.75453843153838,126.5534600931357
93,40.850600673970355,42.10751581488719,69.57934173500331,67.83482127941261,100.313892212762,98.60006711171636,122.60793995583079,122.67962239080289,132.918488037188,127.89164170832777
94,40.86526420684672,42.47892792207552,69.62217283224115,67.94482815087093,100.35213259558242,99.02657035507708,123.02316690386327,123.63227746108795,134.08243764283765,129.22315229533058
95,40.87992773972308,42.848573495170406,69.66500392947897,68.0478584197167,100.39037297840285,99.4392048003031,123.14542050460986,124.56682013396346,135.2463872484873,130.54697574752922
96,40.89459127259944,43.21638866614513,69.7078350267168,68.14453232487038,100.42861336122328,99.83800697727871,123.26767410535645,125.4824363924737,135.63734101539413,131.862077656174
97,40.909254805475804,43.58230739996323,69.75066612395462,68.23547154038675,100.46685374404372,100.22301284084558,123.38992770610304,126.37830980492443,135.74720026871282,133.16740625058554
98,40.923918338352166,43.946261459051165,69.79349722119244,68.32129817357804,100.50509412686415,100.59425757180281,123.51218130684961,127.25362248574537,135.8570595220315,134.46189333836105
99,40.93858187122853,44.30818036777087,69.83632831843026,68.40263376313646,100.54333450968458,100.95177537790674,123.6344349075962,128.1075560563515,135.9669187753502,135.74445524557905
100,41.932099506049795,44.66799175890059,69.87915941566808,68.48009878307826,100.58157489250502,101.29560008094907,123.75668850834279,128.9392936724963,136.07677802866888,137.01399495608993
101,44.77039886907104,44.97984336631954,69.92199051290591,68.63921891483572,100.61981527532545,101.77974418042905,123.87894210908938,129.81779686574941,136.18663728198754,138.49946401396116
102,47.60869823209228,45.31497131795563,69.96482161014373,68.82507023124943,100.65805565814588,102.24496643579262,124.00119570983597,130.66534914045286,136.29649653530623,139.96351689794713
103,50.446997595113515,45.630472027775866,70.00765270738155,68.9672304631782,100.69629604096632,102.65712725929073,124.12344931058256,131.44729369803824,136.40635578862492,141.37004197537578
104,52.43300439317237,45.946933758975675,70.05048380461938,69.12377397268915,100.73453642378675,103.05006840674108,124.79352602372894,132.19700814601248,136.5162150419436,142.75099756748193
105,52.49206029121662,46.27432474320273,70.09331490185721,69.27129681796312,100.77277680660718,103.41793803835468,125.27942874980597,132.9082295587856,136.6260742952623,144.09873701023523
106,52.55111618926087,46.60261381958363,70.13614599909504,69.434873996274,100.81101718942762,103.77916929340594,125.42400968288551,133.59903305233894,136.735933548581,145.42998722900816
107,52.610172087305116,46.94657069941142,70.17897709633286,69.61399425805578,100.84925757224805,104.10659431429865,125.57208119050142,134.23620184216495,137.88571747927918,146.71462472287416
108,52.669227985349366,47.304722553675916,70.22180819357068,69.79876706792416,100.88749795506848,104.42565788920864,125.72015269811732,134.83944081657754,139.74824495059306,147.97196972947302
109,52.728283883393615,47.673327702714225,70.2646392908085,69.99082562740102,100.92573833788892,104.72825192701632,125.86822420573323,135.3989672349649,141.61077242190692,149.1796819460336
110,52.787339781437865,48.05170795907579,70.30747038804633,70.19074904832392,100.96397872070933,105.01572466130567,126.50254517740525,135.92138797391,145.19138464071045,150.3477269947795
111,52.846395679482114,48.428300994865275,70.35030148528415,70.39979080872945,101.00221910352977,105.2636330158846,128.76471393359532,136.41028613664864,146.08220508942185,151.48008654219547
112,52.905451577526364,48.8093743711616,70.39313258252197,70.6195009445826,101.0404594863502,105.48775431467003,131.02688268978537,136.85558462780412,146.64754001181083,152.56555133305926
113,52.96450747557061,49.192051180751825,70.4359636797598,70.81810008335849,101.07869986917063,105.6898696435983,132.66228905820898,137.24009080426745,147.21287493419982,153.5858321387147
114,53.023563373614856,49.57637720046439,70.47879477699762,70.98354221320281,101.11694025199107,105.85164820475484,134.03332349297278,137.58148298072595,147.77820985658877,154.557546262598
115,53.082619271659105,49.96183649764456,70.55473048557208,71.15063588820047,101.1551806348115,105.98393863017127,135.40435792773656,137.88891352765094,148.34354477897776,155.48882063822913
116,53.141675169703355,50.348255586272,70.67167700884313,71.33065822403874,101.19342101763193,106.10665861117906,136.77539236250033,138.14840931143289,148.90887970136674,156.35617708316448
117,53.200731067747604,50.73434537996079,70.74696089046718,71.52365622577786,101.23166140045237,106.20300775902525,137.15352123800324,138.3803832084751,149.47421462375573,157.17325535843983
118,53.259786965791854,51.11090697407061,70.78722793488575,71.72989776311626,101.26371309804449,106.283488424122,137.2123481523145,138.58635804381754,150.0395495461447,157.94647568384664
119,53.3188428638361,51.47559849444145,70.82749497930432,71.94549654829149,101.27248342272705,106.35067350585007,137.27117506662572,138.7621353935074,150.6048844685337,158.67186151883635
120,53.37789876188035,51.8347271434493,70.8677620237229,72.17503333289253,101.28125374740961,106.40997690718297,137.33000198093697,138.91300862025463,150.9650181321915,159.3381176481101
121,53.4369546599246,52.19147396741277,70.90802906814147,72.41833745883447,101.29002407209217,106.46195266686058,137.38882889524822,139.01796486058345,151.02159242611577,159.93180765203235
122,53.49601055796885,52.548021594841586,70.94829611256004,72.67531265003396,101.29879439677472,106.50430837740225,137.44765580955945,139.0245908423941,151.07816672004006,160.4597762946491
123,53.5550664560131,52.90130780523366,70.98856315697863,72.91037274562015,101.30756472145728,106.4996847679034,137.5064827238707,138.99960136074375,151.13474101396434,160.9347883442895
124,53.61412235405735,53.25016347147801,71.0288302013972,73.15330726718743,101.31633504613986,106.45840798978394,137.56530963818193,138.942689765666,151.19131530788863,161.35493897370617
125,53.6731782521016,53.5923300534334,71.06909724581577,73.39785012819716,101.32510537082241,106.38002320512086,137.62413655249318,138.84875718692095,151.24788960181294,161.7135207822466
126,53.73223415014585,53.916124413598716,71.10936429023435,73.64728959237117,101.33387569550497,106.2795616987437,137.68296346680444,138.72233924861106,151.30446389573723,162.0134494214112
127,53.7912900481901,54.23228426019318,71.14963133465292,73.90922550088338,101.34264602018753,106.16475323255169,137.74179038111566,138.57236291423237,151.3610381896615,162.26201934026173
128,53.85034594623435,54.5424035112864,71.18989837907151,74.1673532688157,101.35141634487009,106.02460523173154,137.80061729542692,138.38468863008796,151.4176124835858,162.43865456098044
129,53.9094018442786,54.84638173547927,71.23016542349008,74.39358710178483,101.36018666955265,105.8673749675751,137.85944420973814,138.14508806558393,151.47418677751008,162.5564988071699
130,53.96845774232285,55.14375277942394,71.27043246790865,74.61076173231255,101.3689569942352,105.69227261624074,137.9182711240494,137.850388882816,151.5307610714344,162.61408523052162
131,54.0275136403671,55.434108397111494,71.31069951232723,74.8347326014842,101.37772731891776,105.49854321006192,137.97709803836065,137.51144851137113,151.58733536535868,162.61174822818512
132,54.08656953841134,55.69157543892196,71.3509665567458,75.06537867364817,101.38649764360032,105.28559853867766,138.03592495267188,137.13426094396883,151.64390965928297,162.54943603307436
133,54.14562543645559,55.945707464722965,71.39123360116437,75.30260253381927,101.39526796828288,105.05857866531815,138.09475186698313,136.71849381690689,151.70048395320725,162.4263600405822
134,54.20468133449984,56.19618185609542,71.43150064558296,75.54628527193415,101.40403829296544,104.82349287388772,138.15357878129436,136.26465728174557,151.75705824713154,162.2519827749748
135,54.26373723254409,56.41277280658134,71.47176769000153,75.79639371946257,101.41280861764801,104.58131977498792,138.2124056956056,135.77275738854533,151.81363254105585,162.02940922699082
136,54.32279313058834,56.61299963209374,71.5120347344201,76.0494737541251,101.42157894233057,104.33317795960713,138.27123260991686,135.2427063217781,151.87020683498014,161.75985765136
137,54.38184902863259,56.80596439274804,71.55230177883868,76.29374781161671,101.43034926701313,104.06929236551439,138.3300595242281,134.66346829926226,152.26712533645693,161.43372030836258
138,54.440904926676836,56.991260620447065,71.59256882325725,76.53381116233054,101.43911959169569,103.79712350662295,138.38888643853934,134.04118645657294,153.52488429224573,161.05869241552986
139,54.499960824721086,57.16854768823384,71.63283586767582,76.76219788031518,101.44788991637824,103.49724014201507,138.4477133528506,133.37703687692758,154.7826432480345,160.57332571160418
140,54.559016722765335,57.33749599554784,71.8478763878498,76.97098267860194,101.4566602410608,103.17657389400316,138.50654026716182,132.6738429041947,156.0404022038233,160.03297591267307
141,54.618072620809585,57.49773994322006,72.13901305811119,77.17163216924169,101.46543056574336,102.84550977436312,138.56536718147308,131.93146509567728,157.29816115961208,159.43581460464728
142,54.677128518853834,57.64677469430081,72.43014972837258,77.37138511498111,101.47420089042592,102.5092731420095,138.6241940957843,131.1497855603159,158.55592011540085,158.7730611790248
143,54.736184416898084,57.78275450813316,72.72128639863398,77.57031727167407,101.48297121510848,102.16905263681346,138.68302101009556,130.32870515784978,159.81367907118965,158.043973693677
144,54.79524031494233,57.90634445481357,73.01242306889537,77.76636303369366,101.49174153979104,101.78102536090606,138.7418479244068,129.46691469178404,161.07143802697843,157.24720531286846
145,54.85429621298658,58.018332950402176,73.30355973915675,77.96002029811667,101.5005118644736,101.36519732095982,138.80067483871804,128.57598537081262,162.3291969827672,156.39805976058378
146,54.91335211103083,58.119611181397104,73.59469640941815,78.15192115906697,101.61520495894028,100.93042063307806,138.8595017530293,127.65799286332053,163.69636163813092,155.49864834265892
147,54.97240800907508,58.20347303235685,74.23832703071857,78.34409687063659,103.21284107455273,100.47832224483429,138.91832866734052,126.71645014111417,165.2823427009164,154.55255494409906
148,55.03146390711933,58.26783717862082,74.6349907712769,78.50800218554608,104.46056345288083,100.01595734480229,138.97715558165177,125.75637526100783,166.86832376370185,153.5649038106662
149,55.09051980516358,58.31684032150207,75.03165451183524,78.64351821051231,105.183401876929,99.54443033036156,139.03598249596303,124.7794779381306,168.45430482648732,152.53754612218526
150,55.14957570320783,58.3499170382585,75.44123528238968,78.7759168463322,105.90624030097716,99.06409304253177,139.0085459118139,123.78758022895738,170.04028588927278,151.47248067557547
151,55.20863160125207,58.36661568111282,75.85671039331368,78.90372307397459,106.53637372032601,98.57503410547173,137.98910377499078,122.78230393930073,171.62626695205824,150.37154129284184
152,55.26768749929632,58.3664637705181,76.27218550423767,79.02302348637097,106.65462311183619,98.07272258748961,136.96966163816762,121.7662620930686,173.21224801484368,149.23758828983392
153,55.32674339734057,58.349011814695714,76.68766061516165,79.13340043835437,106.77287250334636,97.55963567090124,135.9502195013445,120.74322891768273,174.79822907762914,148.07467846166205
154,55.38579929538482,58.31253545780667,77.10313572608564,79.23488940710492,106.89112189485652,97.03441838306905,134.93077736452133,119.6350416515266,176.3842101404146,146.8049668901478
155,55.44485519342907,58.256793431015126,77.51861083700963,79.33144857592104,107.0093712863667,96.48839030038694,130.92747467150812,118.50536936098861,177.97019120320007,145.49247576086518
156,55.50391109147332,58.181841116171164,77.93408594793362,79.4239490640005,107.12762067787688,95.90682251898778,125.0693557046144,117.35510236812448,179.55617226598554,144.13848379080392
157,55.56296698951757,58.08971485679365,78.3495610588576,79.51268866365355,107.86832722235596,95.30163538999926,119.21123673772065,116.18516337328029,181.142153328771,142.74433735099237
158,55.62202288756182,57.98626817150106,78.7650361697816,79.59801969718059,108.8930754022702,94.68586098109515,116.85617927841545,114.9966141848287,182.72813439155647,141.3115571962329
159,55.68107878560607,57.85592093329128,79.18051128070559,79.68039614793086,109.91782358218443,94.06011999314403,116.200576604155,113.79061437329874,184.31411545434193,139.84179711923358
160,55.74013468365032,57.69108467208427,79.59598639162957,79.76034356398995,110.94257176209865,93.42507787305483,115.54497392989455,112.57070171990388,185.9000965171274,138.33912439913408
161,55.79919058169457,57.507950925180324,80.01146150255356,79.83818713521647,111.96731994201289,92.7811717287076,114.8893712556341,111.33849411634834,187.48607757991283,136.80572170131308
162,55.85824647973882,57.30601012131738,80.42693661347755,79.91454889812373,112.99206812192712,92.12910636483788,113.87993684180435,110.09549686356833,189.0720586426983,135.2436943761296
163,55.917302377783066,57.083493135516704,80.84241172440154,79.9779120038913,109.96679095926316,91.47005132346969,113.25713096124649,108.84368710361638,190.65803970548376,133.65565489080615
164,55.976358275827316,56.82365187260103,81.25788683532552,79.99674347762205,103.84442276329341,90.80192799190891,112.94125554525301,107.58470866372949,192.24402076826922,132.04391767349816
165,56.035414173871565,56.551646690805875,81.68037497796986,79.98884137640884,99.40048532343232,90.12443178036825,109.46782684326172,106.32174043277418,193.8300018310547,130.41236748973867
166,56.094470071915815,56.26759855241668,82.1073468507025,79.95431637778798,90.45636856178274,89.43794017017596,107.37104906136399,105.05911530468326,128.00468797323796,128.7660783858748
167,56.153525969960064,55.968775066183056,82.53431872343515,79.87445355174633,88.93672099427397,88.72613872915713,105.27427127946625,103.74278306967082,125.25292734191899,127.05177658028231
168,56.212581868004314,55.65477057451217,82.96129059616779,79.76489053485223,87.4170734267652,88.0119599218506,103.17749349756852,102.40034946138194,122.50116671060002,125.29787951051628
169,56.271637766048556,55.326425773419324,83.38826246890042,79.62351317797,85.89742585925643,87.29715042875718,101.08071571567078,101.04014369124363,119.52071901806376,123.51356336766118
170,56.330693664092806,54.961774418337896,83.81523434163307,79.45994719520392,84.95588109538453,86.54952439765246,98.76112031985986,99.67316916783425,115.20973707547392,121.71071381570077
171,56.389749562137055,54.5797604504671,84.24220621436571,79.27101844553773,84.30338111751998,85.79143170301558,96.19361060973884,98.2982880646617,110.8987551328841,119.88911055929611
172,56.448805460181305,54.17491564457191,84.34856476666866,79.0594186159024,84.26530838012695,85.02657539021772,93.62610089961782,96.92009460698107,106.58777319029427,118.05430063060287
173,56.507861358225554,53.74476984187993,84.43566224893058,78.83156909183963,84.2035381854294,84.2623858804022,91.0585911894968,95.54691903967031,102.42459823721804,116.21560235714742
174,56.566917256269804,53.30298548714816,84.52275973119252,78.58783644241072,83.13288081340497,83.50023586278866,88.81725478626318,94.18104202109386,98.34101379837867,114.37631975569018
175,56.62597315431405,52.86610566950451,84.60985721345445,78.32771369701524,82.06222344138054,82.74062097655064,87.05843473831342,92.81452435887888,94.2574293595393,112.52957226800189
176,56.6850290523583,52.4340496920119,84.69695469571637,78.05048244624231,80.99156606935611,81.98196197212926,85.29961469036365,91.44621288535271,91.71006045285505,110.66966854527372
177,56.74408495040255,52.00681353302137,84.78405217797831,77.75602961438767,80.19632797948022,81.20067994800374,83.54079464241389,90.08127626734753,90.82685178855053,108.79356697922682
178,56.8031408484468,51.5844054444506,84.87114966024023,77.44175339208894,77.09540178540585,80.36700686754347,81.78197459446413,88.7181253377501,89.94364312424602,106.89964890044322
179,56.86219674649105,51.16613447127189,84.95824714250217,77.10760445420837,72.96223003118078,79.52323521540717,74.97427304405441,87.33711950101186,89.0604344599415,104.99104169546439
180,56.9212526445353,50.75235135065854,85.0453446247641,76.7539111241948,68.1234163236545,78.66979450073995,70.26620228832213,85.93545090539043,70.26620228832213,103.06855144055855
181,56.98030854257955,50.30789502058891,85.13244210702602,76.38099828369825,66.46851661147073,77.8070740981092,66.46851661147073,84.51117297186971,66.46851661147073,101.13288416341638
182,57.0393644406238,49.85502124734549,85.21953958928796,75.95463541793733,66.31457343823745,76.9008701712422,66.31457343823745,83.05733754402485,66.31457343823745,99.16749614405978
183,57.09842033866805,49.39407650397681,85.30663707154989,75.51690688652968,65.02188536051708,75.99325481623515,65.02188536051708,81.61822143853512,65.02188536051708,97.21751338692552
184,57.1574762367123,48.92540988337871,85.39373455381183,75.06752464482508,64.63361127828307,75.08388764927207,64.63361127828307,80.195017113704,64.63361127828307,95.28512646275693
185,57.21653213475655,48.449372436612975,85.48083203607375,74.60163004849184,64.24533719604905,74.16781647160572,64.24533719604905,78.78434319083033,64.24533719604905,93.36434669701713
186,57.2755880328008,47.96631680256119,85.56792951833567,74.11806787601385,63.85706311381504,73.24756531692586,63.85706311381504,77.38354356804567,63.85706311381504,91.45927914549908
187,57.33464393084505,47.47659683757863,85.65502700059761,73.61744439045617,63.52372125505514,72.32554391610012,63.52372125505514,75.99332835715535,63.52372125505514,89.57329574645826
188,57.3936998288893,46.98056724514814,85.74212448285954,73.10033710805645,63.4787657115966,71.40285777674293,63.4787657115966,74.61517661285585,63.4787657115966,87.70958041987386
189,57.45275572693354,46.478583205534186,85.82922196512146,72.56729524374934,63.053975527931144,70.4805778643961,63.053975527931144,73.2505032729997,63.053975527931144,85.80513230021678
190,57.51181162497779,45.97100000543657,85.9163194473834,72.01566482635313,61.783737301828346,69.55656548957636,61.783737301828346,71.89748281191683,61.783737301828346,83.90495644401165
191,57.57086752302204,45.45817266764444,86.00341692964533,71.44743864940959,60.976382678961905,68.63332203360403,60.976382678961905,70.55889772354082,60.976382678961905,82.01555787026314
192,57.480144709086844,44.94045558069033,79.7978173774885,70.86427001124308,60.968547275235196,67.71209147812053,60.968547275235196,69.23623979924771,60.968547275235196,80.13863512863601
193,53.454349309467844,44.41820212850388,70.11851607834204,70.2549618012207,60.96071187150849,66.78119400920637,60.96071187150849,67.91804247131968,60.96071187150849,78.26290461274456
194,49.42855390984884,43.8917643200657,67.28044021098113,69.61853883780925,60.95287646778178,65.83989290424137,60.95287646778178,66.60374643017425,60.95287646778178,76.38796496599313
195,45.40275851022983,43.36149241906165,66.81652409301904,68.90312252874695,60.94504106405507,64.88890627698208,60.94504106405507,65.39710799545288,60.94504106405507,74.48224551022923
196,41.37696311061083,42.82773457353631,66.35260797505696,68.17743430827073,60.8787322079417,63.94342689513491,60.8787322079417,64.2098088786193,60.8787322079417,72.59970777291512
197,39.77904060243955,42.29083644554715,64.50517311738109,67.44231957185384,60.74191275252828,63.004236301948474,60.74191275252828,63.04250131897317,60.74191275252828,70.74207746885358
198,39.019448175496684,41.75114084081827,61.9865460647317,66.6986286080113,60.60509329711486,62.07210517486914,60.60509329711486,61.89581180919054,60.60509329711486,68.91104615463243
199,38.25985574855382,41.20898733839476,60.36963505727636,65.94721496652608,60.36963505727636,61.14779198100186,60.36963505727636,60.77034024169511,60.36963505727636,67.1082689521381
200,33.81024047199752,40.6647119202958,59.99796032934408,65.18893420842272,59.99796032934408,60.23204194612328,59.99796032934408,59.66665932987291,59.99796032934408,65.33536249941662
201,33.798042698151136,40.11864660116943,59.626285601411794,64.42464265594171,59.626285601411794,59.325586023695806,59.626285601411794,58.58531402928722,59.626285601411794,63.59390290153509
202,33.785844924304754,39.57111905794588,59.25461087347951,63.655196142513844,59.25461087347951,58.42913986388027,59.25461087347951,57.52682095889382,59.25461087347951,61.885423681442106
203,32.624683091288944,39.0224522594918,58.739126154860024,62.88144876273326,58.739126154860024,57.543402782549464,58.739126154860024,56.491667822255565,58.739126154860024,60.21141373082946
204,31.38582557024491,38.47296409626399,57.96425435528385,62.10425162233242,57.96425435528385,56.66905673030138,57.96425435528385,55.48031282875757,57.96425435528385,58.57331526099202
205,31.03975332652235,37.92296700996339,57.652458389806064,61.324451588155384,57.652458389806064,55.80676526147293,57.652458389806064,54.49318411482202,57.652458389806064,56.972521753689364
206,31.035170886368967,37.372767623188935,57.545488739608665,60.54289003813245,57.545488739608665,54.95717250315277,57.545488739608665,53.53067916512332,57.545488739608665,55.41037591200745
207,31.03058844621558,36.82266636909161,57.43851908941126,59.76040161125397,57.43851908941126,54.12090212419482,57.43851908941126,52.593164233802874,57.43851908941126,53.88816761121802
208,30.97005626237031,36.272957121028256,57.33154943921386,58.97781295754393,57.33154943921386,53.29855630423193,57.33154943921386,51.68097376568403,57.33154943921386,52.40713184964096
209,30.592460352980762,35.723926822215425,56.22568110470057,58.19594148803485,56.22568110470057,52.490714702688486,56.22568110470057,50.79440981748714,56.22568110470057,50.968446699504284
210,30.21675382695205,35.17585511538338,55.05228223325849,57.4155941247408,55.05228223325849,51.69793342779436,55.05228223325849,49.93374147904433,55.05228223325849,49.57323125780596
211,29.98083140490358,34.629013972430066,53.878883361816406,56.63756605063236,53.878883361816406,50.920744005598316,53.878883361816406,49.099204294514756,53.878883361816406,48.222543597174166
212,29.701000814532186,34.08366732407477,53.73530529940169,55.862639459609696,53.73530529940169,50.159652348980686,53.73530529940169,48.29099968359915,53.73530529940169,46.917378716729004
213,29.387135714751082,33.54007068951249,53.04363643092371,55.091582306477406,53.04363643092371,49.41513772666742,53.04363643092371,47.50929436275517,53.04363643092371,45.65866649294267
214,29.240540286902764,32.99847080606737,50.84480408767351,54.325147056918325,50.84480408767351,48.68765173224273,50.84480408767351,46.75421976641208,50.84480408767351,44.44726963050152
215,29.182699318186124,32.45910525884676,49.290574171135454,53.56406943746724,49.290574171135454,47.97761725316312,49.290574171135454,46.02587146818564,49.290574171135454,43.283981613165224
216,29.14194479319061,31.922202110395418,48.865833237132975,52.80906718548498,48.865833237132975,47.285427439770196,48.865833237132975,45.32430860209341,48.865833237132975,42.1695246546298
217,29.101779586114795,31.387979530348893,48.441092303130496,52.0608387991326,48.441092303130496,46.61144467430417,48.441092303130496,44.64955328376948,48.441092303130496,41.10454764938751
218,28.148999615070277,30.856645425088068,48.098041648721875,51.320062287345564,48.098041648721875,45.95599953991727,48.098041648721875,44.00159003167907,48.098041648721875,40.08962412358781
219,26.93881364874229,30.328397067392277,47.406416711017776,50.58739391980738,47.406416711017776,45.319389789687264,47.406416711017776,43.380365188334295,47.406416711017776,39.12525018589825
220,26.276273905561567,29.80342072609433,47.197339635125395,49.86346697692386,47.197339635125395,44.70187931563021,47.197339635125395,42.78578634150834,47.197339635125395,38.211842478366535
221,25.884540741468257,29.281891295732926,46.98826255923301,49.14889049979694,46.98826255923301,44.10369711771392,46.98826255923301,42.21772174545089,46.98826255923301,37.349736127280025
222,25.830142483041058,28.763971926208256,46.779185483340626,48.44424804019913,46.779185483340626,43.5250362728722,46.779185483340626,41.67599974210283,46.779185483340626,36.53918269402763
223,25.77574422461386,28.249813652434334,46.40968720168017,47.750096410546895,46.40968720168017,42.96605290401683,46.40968720168017,41.16040818231123,46.40968720168017,35.7803481259607
224,25.72134596618666,27.73955502399435,45.85437715555179,47.06696443387478,45.85437715555179,42.426865149051594,45.85437715555179,40.67069384704439,45.85437715555179,35.0733107072534
225,25.537336561132918,27.23332173479345,44.51868708962064,46.395351693810554,44.51868708962064,41.907552129885964,44.51868708962064,40.206561868606684,44.51868708962064,34.418059009764505
226,25.16936047838066,26.731226252712858,43.38377002469748,45.735727284547565,43.38377002469748,41.40815292144774,43.38377002469748,39.767675151853595,43.38377002469748,33.8144898438978
227,24.8013843956284,26.23336744926481,42.972853834275455,45.08852856081926,42.972853834275455,40.92866552069648,42.972853834275455,39.35365379540647,42.972853834275455,33.26240620946314
228,24.645145725897063,25.739830229244728,41.37503521891944,44.454159887875015,41.37503521891944,40.46904581563743,41.37503521891944,38.96407451286811,41.37503521891944,32.761515246537854
229,24.5312560895905,25.250685160386794,41.24670241610617,43.83299139145084,41.24670241610617,40.02920655433429,41.24670241610617,38.59847005403657,41.24670241610617,32.31142618632778
230,24.41736645328394,24.76598810301661,41.1183696132929,43.2253577077457,41.1183696132929,39.60901631392281,41.1183696132929,38.25632862612133,41.1183696132929,31.911648302026805
231,24.30347681697738,24.285779839706116,40.99003681047962,42.631556733395726,40.99003681047962,39.20829846962338,40.99003681047962,37.93709331495718,40.99003681047962,31.56158885967986
232,21.245819800826826,23.810085704926717,40.87710338402713,42.05184837544675,40.87710338402713,38.82683016375611,40.87710338402713,37.64016150622027,40.87710338402713,31.260551069042748
233,21.124673023214413,23.338915214703405,40.774871381120235,41.48645330132885,40.774871381120235,38.4643412747521,40.774871381120235,37.3648843066418,40.774871381120235,31.007732034443123
234,21.003526245602004,22.8722616962692,40.67263937821334,40.93555168883163,40.67263937821334,38.12051338616788,40.67263937821334,37.110565965224026,40.67263937821334,30.80222070564143
235,20.493232760585236,22.410101917718368,40.57040737530645,40.399281976076644,40.57040737530645,37.79497875569883,40.57040737530645,36.87646329445498,40.57040737530645,30.642995828693188
236,19.70352598884402,21.952395717660455,40.47125887052246,39.87773961149153,40.47125887052246,37.48731928419271,40.47125887052246,36.661785091522816,40.47125887052246,30.528923896806944
237,19.606619159998402,21.499085634874675,39.11037214963848,39.37097580378548,39.11037214963848,37.19706548466147,39.11037214963848,36.46569155953132,39.11037214963848,30.458757101210196
238,19.50971233115278,21.050096537963327,38.27761748223199,38.87899627192121,38.27761748223199,36.92369545129627,38.27761748223199,36.28729372871504,38.27761748223199,30.43113128200399
239,19.41280550230716,20.605335255005876,37.59543171035439,38.40175999509,37.59543171035439,36.66663382848034,37.59543171035439,36.125652877653536,37.59543171035439,30.444563879030326
240,19.315898673461543,20.164690203212597,37.32731901693401,37.93917796268774,37.32731901693401,36.42525077980213,37.32731901693401,35.97977995448704,37.32731901693401,30.49745188272847
241,19.237576911610798,19.728031018579635,37.059206323513635,37.491111924284354,37.059206323513635,36.198860957067936,37.059206323513635,35.848634998130834,37.059206323513635,30.5880697849976
242,19.17271320056203,19.295208185540808,36.79109363009325,37.05737313960127,36.79109363009325,35.98672246931707,36.79109363009325,35.73112655949055,36.79109363009325,30.71456753005839
243,18.85204774379316,18.866052666623723,36.52298093667287,36.637721128486156,36.52298093667287,35.78803585183397,36.52298093667287,35.62611112267692,36.52298093667287,30.874968465312605
244,18.47303028351781,18.440375532102177,35.93419829784187,36.23186242088284,35.93419829784187,35.601943035160474,35.93419829784187,35.532392526221045,35.93419829784187,31.067167292205312
245,18.155244135411046,18.017967589650972,35.33600681108714,35.83944930680913,35.33600681108714,35.42752631411156,35.33600681108714,35.44872138428907,35.33600681108714,31.28892801708524
246,17.914437905047023,17.598599013999387,34.737815324332416,35.460078586329864,34.737815324332416,35.26380731678739,34.737815324332416,35.37379450789675,34.737815324332416,31.537881902066886
247,17.88897739659656,17.18201897658458,34.2957711485883,35.09329031953063,34.2957711485883,35.1097459735861,34.2957711485883,35.3062543261256,34.2957711485883,31.81152541588797
248,17.86351688814609,16.767955275207356,34.195912760172575,34.73856657649052,34.195912760172575,34.96423948621799,34.195912760172575,35.24468830733677,34.195912760172575,32.107218184776485
249,17.809228461373426,16.35611396368335,34.09605437175685,34.395330187258644,34.09605437175685,34.82612129671931,34.09605437175685,35.18762838038573,34.09605437175685,32.42218094330518
250,17.75185466820736,15.946178981499365,33.99619598334112,34.062943491826935,33.99619598334112,34.694160056463716,33.99619598334112,35.13355035583858,33.99619598334112,32.75349348525651
251,17.700352965690648,15.537811783466164,33.86052474986966,33.74070709010318,33.86052474986966,34.567058595177144,33.86052474986966,35.08087334718607,33.86052474986966,33.098092614483036
252,17.64960189801498,15.130650969372098,33.69393437733143,33.42785859188669,33.69393437733143,34.44345288995153,33.69393437733143,35.02795919205818,33.69393437733143,33.45277009576709
253,17.59885083033931,14.724311913638413,33.5273440047932,33.1235713668422,33.5273440047932,34.321911034256686,33.5273440047932,34.97311187344002,33.5273440047932,33.814170605683216
254,17.54809976266364,14.318386394970744,33.408929929550574,32.826953294471025,33.408929929550574,34.20093220695466,33.408929929550574,34.91457694088639,33.408929929550574,34.178789683458874
255,16.939349988655202,13.912442226016076,33.32685829080516,32.53704551409082,33.32685829080516,34.078945641312245,33.32685829080516,34.85054093173639,33.32685829080516,34.54297168183386
256,16.239763676427017,13.506022883014118,33.24478665205975,32.25282117480331,33.24478665205975,33.954309594015754,33.24478665205975,34.779130792328786,33.24478665205975,34.90290771792458
257,15.662276792497034,13.098647135452083,33.161870955171395,31.973184185472242,33.161870955171395,33.82531031418222,33.161870955171395,34.698413299216895,33.161870955171395,35.25463362408149
258,15.605310792905447,12.689808675719526,33.075962709791476,31.696967964697066,33.075962709791476,33.69016101237456,33.075962709791476,34.606394480383386,33.075962709791476,35.594027898751335
259,15.54834479331386,12.27897574876058,32.99005446441156,31.422934190783984,32.99005446441156,33.54700082961435,32.99005446441156,34.50101903645532,32.99005446441156,35.91680965733886
260,15.491378793722273,11.865590781729253,32.90414621903164,31.149771551724342,32.90414621903164,33.39389380639585,32.90414621903164,34.380169761918964,32.90414621903164,36.218536583067845
261,15.434412794130687,11.449070013642128,32.78699937652011,30.87609449516625,32.78699937652011,33.22882785169638,32.78699937652011,34.24166696633529,32.78699937652011,36.49460287784048
262,15.341045702269055,11.028803125034308,32.66013356542362,30.600441978387202,32.66013356542362,33.04971371199336,32.66013356542362,34.0832678955539,32.66013356542362,36.740237213100386
263,15.057570606600649,10.604152867609908,32.571163964846235,30.321276218270988,32.571163964846235,32.854383940276776,32.571163964846235,33.9026661529291,32.571163964846235,36.950500680691036
264,12.766734865757849,10.174454693900213,32.48219436426886,30.036981441281903,32.48219436426886,32.64059186506023,32.48219436426886,33.69749112053391,32.48219436426886,37.120284743720376
265,12.766619676308604,9.739016386913914,32.39322476369147,29.745862633433532,32.39322476369147,32.40601055939655,32.39322476369147,33.46530738037559,32.39322476369147,37.24430918741926
266,12.76650448685936,9.297117689792966,32.30425516311409,29.446144290269977,32.30425516311409,32.14823180989143,32.30425516311409,33.20361413561075,32.30425516311409,37.317120070001394
267,12.431412583111506,8.848009935466411,30.295629842504407,29.135969166835046,30.295629842504407,31.864765085713884,30.295629842504407,32.909844631759114,30.295629842504407,37.33308767352666
268,11.974513499607463,8.390915676302846,30.053565872940258,28.81339702764832,30.053565872940258,31.55303650761269,30.053565872940258,32.581365577920494,30.053565872940258,37.28640445476182
269,11.517614416103418,7.925028313767104,29.81150190337611,28.476403396676986,29.81150190337611,31.210387816928503,29.81150190337611,32.215476567987494,29.81150190337611,37.17108299603994
270,8.435670210828631,7.449511728070551,29.301043497984033,28.122878307314323,29.301043497984033,30.834075344607825,29.301043497984033,31.80940950186219,29.301043497984033,36.980953956122164
271,7.056901773451882,6.963499907828858,28.22026611308424,27.75062505234741,28.22026611308424,30.421268980214407,28.22026611308424,31.3603280066703,28.22026611308424,36.7096640210615
272,4.83319683906465,6.466096579712406,27.343617031865406,27.357358933936673,27.343617031865406,29.96905114094372,27.343617031865406,30.86532685797583,27.343617031865406,36.35067385505718
273,1.993035765219466,5.956374838102391,27.13295081032586,26.940706013587786,27.13295081032586,29.47441574063889,27.13295081032586,30.32143140099724,27.13295081032586,35.89725605132418
274,0.31351938943394403,5.433376774744758,26.98896193901279,26.498201862123935,26.98896193901279,28.934267158798548,26.98896193901279,29.72559697182092,26.98896193901279,35.34249308294473
275,0.30417375779337674,4.896113108401657,26.817898933729843,26.02729030966328,26.817898933729843,28.34541920959471,26.817898933729843,29.074708318617013,26.817898933729843,34.67927525373787
276,0.2948281261528094,4.3435628145099585,26.58841664216769,25.525322195592288,26.58841664216769,27.704594110884415,26.58841664216769,28.365579022854362,26.58841664216769,33.90029864911544
277,0.28548249451224206,3.7746727548291688,26.358934350605534,24.98955411853496,26.358934350605534,27.008421453224784,26.358934350605534,27.59495092051499,26.358934350605534,32.99806308694329
278,0.26880318302431094,3.1883573071016613,25.841006241398496,24.417147186334446,25.841006241398496,26.253437168882286,25.841006241398496,26.7594935233097,25.841006241398496,31.964870068404934
279,0.15470165720832205,2.5834979947011973,25.284980762668003,23.805165766020878,25.284980762668003,25.436082500849054,25.284980762668003,25.855803439892185,25.284980762668003,30.792820728862253
280,0.04060013139233312,1.9589431162899231,24.728955283937513,23.15057623378854,24.728955283937513,24.55270297185787,24.728955283937513,24.880403797074933,24.728955283937513,29.47381378871107
281,,,24.17292980520702,22.450245724969825,24.17292980520702,23.599547353390975,24.17292980520702,23.829743661043196,24.17292980520702,27.999543504250852
282,,,19.64504172842052,21.700940884007366,19.64504172842052,22.572766634697217,19.64504172842052,22.7001974585708,19.64504172842052,26.361497618537456
283,,,19.356730450106348,20.89932661442986,19.356730450106348,21.468412991803433,19.356730450106348,21.488064398234613,19.356730450106348,24.55095531224977
284,,,19.068419171792172,20.041964828824334,19.068419171792172,20.282438756529544,19.068419171792172,20.189567891629466,19.068419171792172,22.55898515454733
285,,,18.252283652764238,19.125313198813338,18.252283652764238,19.010695385497954,18.252283652764238,18.800854974583558,18.252283652764238,20.376443053933812
286,,,17.257071458125683,18.145723905025832,17.257071458125683,17.64893242915214,17.257071458125683,17.31799572837228,17.257071458125683,17.993970209114053
287,,,16.261859263487132,17.09944238707137,16.261859263487132,16.192796500767457,16.261859263487132,15.736982700935556,16.261859263487132,15.401991059863818
288,,,15.266647068848577,15.982606093516942,15.266647068848577,14.637830245462553,15.266647068848577,14.053730328089543,15.266647068848577,12.590711237878438
289,,,14.271434874210026,14.791243231856598,14.271434874210026,12.979471309215768,14.271434874210026,12.264074354744267,14.271434874210026,9.550115517641913
290,,,12.911208735429241,13.521271518489954,12.911208735429241,11.213051307878402,12.911208735429241,10.363771256116848,12.911208735429241,6.269965767288909
291,,,11.671672037477922,12.168496928694779,11.671672037477922,9.33379479618496,11.671672037477922,8.348497658947693,11.671672037477922,2.7397988994599984
292,,,10.432135339526603,10.72861244659721,10.432135339526603,7.336818236769332,10.432135339526603,6.2138497627150855,10.432135339526603,-1.05107517783469
293,,,7.712706047518594,9.197196815151656,7.712706047518594,5.217128969176898,7.712706047518594,3.955342760848893,7.712706047518594,-5.113575610353223
294,,,4.5677422170702355,7.5697132861127585,4.5677422170702355,2.969624178880693,4.5677422170702355,1.568410261947733,4.5677422170702355,-9.4588526467613
