Year,Month,Tmax,Tmin,SumOfPrecipitations,PAR_umol/m2/s,CO2_Concentration
1950,1,-0.9624999999999772,-38.26457824707029,48.43359375,287.3220289278156,317.36932373046875
1950,2,1.4125000000000227,-40.31145324707029,34.81510543823242,462.16832242827184,317.91943359375
1950,3,2.4333435058593977,-31.837499999999977,45.21614456176758,675.5183306273991,318.5263366699219
1950,4,12.079156494140648,-14.577093505859352,73.82552337646484,832.1656113087807,316.8851013183594
1950,5,27.235406494140648,-6.316656494140602,56.02994918823242,1038.8102072839013,313.87841796875
1950,6,25.610406494140648,-1.7437499999999773,125.90885162353516,953.0002266367912,309.06561279296875
1950,7,27.4333435058594,3.391656494140648,34.86848831176758,1109.3924299546077,305.94366455078125
1950,8,27.631250000000023,2.422906494140648,108.25260162353516,836.0406127830113,306.7196044921875
1950,9,20.3395935058594,-4.837499999999977,103.70052337646484,558.8180923701707,310.52392578125
1950,10,20.9958435058594,-7.410406494140602,76.63802337646484,397.2417326628448,313.69927978515625
1950,11,9.995843505859398,-12.702093505859352,118.734375,212.09729642612376,315.6618347167969
1950,12,2.0270935058593977,-36.32187499999998,110.1953125,201.03146312600063,316.8145446777344
1951,1,0.9854064941406476,-34.15520324707029,91.16927337646484,260.8008460593004,317.59716796875
1951,2,1.2666564941406475,-40.76457824707029,49.3828125,444.5107029082544,318.154541015625
1951,3,8.422906494140648,-32.33749999999998,100.67447662353516,637.3028024506136,318.74444580078125
1951,4,26.047906494140648,-10.618749999999975,87.02603912353516,809.4002380821863,317.0901794433594
1951,5,28.131250000000023,-3.816656494140602,43.34635543823242,1059.5795992336805,314.0771789550781
1951,6,23.3083435058594,-1.3895935058593525,111.17447662353516,915.5170829638032,309.2611083984375
1951,7,27.2145935058594,3.2562500000000227,99.00260162353516,966.5176055145683,306.1616516113281
1951,8,30.4020935058594,-2.5874999999999773,98.88541412353516,869.592664634051,306.9537353515625
1951,9,23.912500000000023,-4.608343505859352,106.25260162353516,577.9708856354035,310.7720642089844
1951,10,20.475000000000023,-4.962499999999977,44.29948043823242,433.8925266397561,313.9649353027344
1951,11,16.527093505859398,-27.129171752929665,96.359375,243.8740434229696,315.9464416503906
1951,12,2.2458435058593977,-39.92604675292967,53.64453125,223.28610834431217,317.10516357421875
1952,1,1.2250000000000227,-37.76457824707029,75.86978912353516,274.0758985348949,317.8700866699219
1952,2,7.433343505859398,-38.68645324707029,51.24479293823242,446.89110626679206,318.4403381347656
1952,3,7.912500000000023,-26.191671752929665,73.26302337646484,661.7550535201384,319.03277587890625
1952,4,15.568750000000025,-24.160421752929665,30.41536521911621,956.8767710298068,317.4169921875
1952,5,30.5583435058594,-7.660406494140602,109.80989837646484,1001.5217286480118,314.4028015136719
1952,6,34.29790649414065,0.4958435058593977,36.18359375,1166.4145468407548,309.5931396484375
1952,7,34.9645935058594,4.037500000000023,84.18228912353516,1065.459172224846,306.51953125
1952,8,31.8083435058594,2.3395935058593977,74.15885162353516,925.6215975126324,307.32818603515625
1952,9,26.193750000000023,-5.639593505859352,50.33333206176758,657.6356677586813,311.1578063964844
1952,10,19.2770935058594,-5.493749999999977,25.94270896911621,463.98923523959286,314.3509216308594
1952,11,10.485406494140648,-29.446874999999977,61.52604293823242,260.35897657168493,316.3331298828125
1952,12,2.4750000000000227,-33.49374999999998,56.31119918823242,217.3912713481981,317.48907470703125
1953,1,-9.524999999999975,-44.59270324707029,39.90234375,304.4947139896808,318.2799987792969
1953,2,5.172906494140648,-39.43645324707029,43.65104293823242,451.20419564024473,318.855712890625
1953,3,9.808343505859398,-33.066671752929665,50.18619918823242,673.4087159957977,319.4383544921875
1953,4,22.047906494140648,-8.118749999999977,39.01432418823242,870.9357097466705,317.81378173828125
1953,5,23.516656494140648,-10.118749999999975,97.58072662353516,940.5136224530792,314.7860412597656
1953,6,27.2770935058594,2.0687500000000227,103.64583587646484,993.5136396228494,309.9671325683594
1953,7,29.172906494140648,2.4437500000000227,94.6796875,997.6110838359928,306.90740966796875
1953,8,24.693750000000023,0.6104064941406477,173.2291717529297,756.2127884514375,307.7261047363281
1953,9,25.485406494140648,-3.2958435058593523,112.15625,581.7166636811722,311.56536865234375
1953,10,19.381250000000023,-8.816656494140602,63.21875,401.8472585025939,314.7668762207031
1953,11,11.860406494140648,-28.926046752929665,127.99478912353516,243.3876673060932,316.7504577636719
1953,12,1.4437500000000227,-37.73854675292967,121.8046875,199.1365301719718,317.87469482421875
1954,1,-4.577093505859352,-40.64479675292967,50.59114456176758,289.2109939304494,318.6593933105469
1954,2,3.235406494140648,-32.222921752929665,71.43228912353516,441.4872213881092,319.2369079589844
1954,3,13.079156494140648,-29.832296752929665,69.6875,675.3736177747161,319.8152160644531
1954,4,16.350000000000023,-24.149999999999977,46.19791793823242,918.6492937674824,318.19720458984375
1954,5,24.016656494140648,-5.962499999999977,119.26041412353516,919.811472562234,315.16558837890625
1954,6,27.756250000000023,-1.0874999999999773,207.578125,885.6485929209563,310.35101318359375
1954,7,26.3395935058594,3.735406494140648,75.83072662353516,995.858355543174,307.2967529296875
1954,8,28.4020935058594,2.4333435058593977,75.95052337646484,888.4152632002185,308.1124267578125
1954,9,28.600000000000023,-8.149999999999977,111.51302337646484,613.5440219905879,311.9380187988281
1954,10,21.610406494140648,-10.691656494140602,161.5729217529297,358.4756623092694,315.1395568847656
1954,11,10.433343505859398,-15.462499999999975,120.4765625,218.1717970128224,317.1304016113281
1954,12,4.172906494140648,-34.551046752929665,54.47135543823242,215.20472585706065,318.235107421875
1955,1,-4.785406494140602,-36.05624999999998,58.64973831176758,283.28652921531733,319.0091857910156
1955,2,6.860406494140648,-37.21249999999998,110.90364837646484,416.3215114349681,319.5891418457031
1955,3,11.412500000000025,-36.17082824707029,84.27864837646484,646.4351062422844,320.1730651855469
1955,4,20.047906494140648,-10.004156494140602,26.1640625,912.3694600538062,318.5824890136719
1955,5,28.516656494140648,-8.368749999999977,56.671875,1042.9937430505518,315.5633239746094
1955,6,28.850000000000023,0.6520935058593977,74.46614837646484,1057.1796159921337,310.75897216796875
1955,7,31.850000000000023,5.610406494140648,92.203125,1023.81167825212,307.7066955566406
1955,8,29.4958435058594,4.506250000000023,52.51823043823242,923.0661661354064,308.5036315917969
1955,9,24.7458435058594,-4.587499999999977,136.0052032470703,579.1069520312408,312.28875732421875
1955,10,23.1833435058594,-15.139593505859352,86.015625,402.6934242017607,315.46710205078125
1955,11,3.6208435058593977,-18.644796752929665,85.8046875,234.2639234856308,317.4515075683594
1955,12,-2.0666564941406023,-34.832296752929665,74.35677337646484,223.36168565668703,318.55047607421875
1956,1,-1.2854064941406025,-41.71249999999998,51.390625,285.8679177850465,319.3319396972656
1956,2,4.162500000000023,-27.790624999999977,50.92317581176758,444.58887614189865,319.9147033691406
1956,3,6.308343505859398,-22.95207824707029,108.90364837646484,604.3157640456548,320.5050354003906
1956,4,14.902093505859398,-23.556249999999977,56.40104293823242,909.3080707785612,318.910400390625
1956,5,31.4645935058594,-7.358343505859352,100.3515625,1017.4703259212844,315.9108581542969
1956,6,23.1833435058594,0.9125000000000228,46.00390625,1058.6437282749614,311.1247253417969
1956,7,31.2770935058594,3.9645935058593977,48.79036331176758,1090.2734616814255,308.0608215332031
1956,8,26.704156494140648,2.6937500000000227,57.18229293823242,902.017954949282,308.8351135253906
1956,9,25.6833435058594,-5.014593505859352,130.8411407470703,593.3535602979541,312.5783386230469
1956,10,22.975000000000023,-10.868749999999975,101.80208587646484,383.83842806552735,315.74365234375
1956,11,6.672906494140648,-23.17082824707029,79.0078125,246.55310985209744,317.7287902832031
1956,12,7.339593505859398,-34.43124999999998,102.09896087646484,198.19648194561324,318.8720397949219
1957,1,-0.7645935058593523,-37.81667175292967,68.7265625,278.7036574979577,319.5889892578125
1957,2,0.1937500000000227,-36.26979675292967,34.83723831176758,470.7822867133216,320.1707763671875
1957,3,22.985406494140648,-34.76457824707029,50.09244918823242,674.5600425733487,320.75311279296875
1957,4,22.100000000000023,-9.274999999999975,84.6484375,779.3845476726125,319.2193603515625
1957,5,25.8708435058594,-3.889593505859352,59.78255081176758,1006.605973920675,316.2139892578125
1957,6,27.506250000000023,-0.6395935058593523,55.36588668823242,1069.9758463929766,311.42864990234375
1957,7,27.256250000000023,3.079156494140648,135.6770782470703,943.2483146334,308.3851318359375
1957,8,31.9333435058594,2.6312500000000227,77.02864837646484,921.8658796282384,309.1692810058594
1957,9,25.850000000000023,-2.6083435058593523,133.1223907470703,581.9705845831812,312.9132080078125
1957,10,17.006250000000023,-6.285406494140602,32.68880081176758,442.2371424605518,316.0694274902344
1957,11,9.475000000000025,-28.394796752929665,81.27864837646484,253.97286258814967,318.0472412109375
1957,12,5.902093505859398,-33.96249999999998,72.890625,208.325359159046,319.18389892578125
1958,1,-2.2333435058593523,-43.16562499999998,73.890625,276.5788910252239,319.9190673828125
1958,2,3.4750000000000227,-30.009374999999977,85.59896087646484,425.8372433381523,320.50701904296875
1958,3,9.589593505859398,-26.29582824707029,116.86978912353516,624.7333573067523,321.0851135253906
1958,4,20.985406494140648,-17.285421752929665,38.00130081176758,926.9543415217652,319.58740234375
1958,5,27.422906494140648,-6.868749999999977,108.24739837646484,968.7946803496902,316.5766296386719
1958,6,35.23540649414065,2.9020935058593977,4.907552242279053,1358.2396239348045,311.7892150878906
1958,7,26.693750000000023,4.152093505859398,67.98958587646484,1016.71397437407,308.7598876953125
1958,8,28.329156494140648,1.6208435058593975,75.390625,887.8813349315166,309.5520324707031
1958,9,27.641656494140648,-2.1187499999999773,187.4583282470703,573.8784093920128,313.3030700683594
1958,10,21.3083435058594,-4.504156494140602,49.67578125,426.50647061677375,316.4532470703125
1958,11,11.464593505859398,-16.004156494140602,47.60416793823242,246.0941641808142,318.4266357421875
1958,12,3.610406494140648,-29.035421752929665,86.18228912353516,198.86338166663737,319.5372314453125
1959,1,3.1000000000000227,-39.55624999999998,77.00521087646484,273.32200922718914,320.2863464355469
1959,2,5.589593505859398,-32.42082824707029,52.01953125,449.2212478764405,320.8863220214844
1959,3,10.839593505859398,-38.44167175292967,27.72721290588379,679.9731324062078,321.4771728515625
1959,4,18.0583435058594,-16.691656494140602,24.556640625,954.6277100448622,320.0244445800781
1959,5,27.610406494140648,-4.712499999999977,123.21353912353516,957.667101530304,317.0408020019531
1959,6,29.985406494140648,-0.2020935058593522,49.37760543823242,1102.5296427220117,312.2865295410156
1959,7,29.162500000000023,4.610406494140648,58.10026168823242,1052.4197361429417,309.2950744628906
1959,8,29.4333435058594,3.672906494140648,39.72265625,957.230424561321,310.1177673339844
1959,9,26.3708435058594,-2.8791564941406023,68.78385162353516,630.1298783549743,313.8879089355469
1959,10,22.850000000000023,-9.097906494140602,94.90364837646484,385.49815572791255,317.07037353515625
1959,11,10.058343505859398,-24.134374999999977,64.24869537353516,253.2827110397182,319.08709716796875
1959,12,2.1625000000000227,-37.29062499999998,84.93489837646484,212.2678625913275,320.2524719238281
1960,1,0.1104064941406477,-38.26457824707029,79.29947662353516,272.1328007872705,321.0531005859375
1960,2,7.954156494140648,-31.29582824707029,53.8671875,448.0205902392741,321.6968994140625
1960,3,12.068750000000025,-24.004171752929665,38.8203125,691.7123892248607,322.3179931640625
1960,4,21.422906494140648,-20.769796752929665,44.515625,930.0199573117716,320.8924865722656
1960,5,26.1208435058594,-4.524999999999977,63.93098831176758,1008.6742055482056,317.93084716796875
1960,6,24.8083435058594,-2.6812499999999773,101.83853912353516,952.2499265539968,313.1883239746094
1960,7,28.360406494140648,3.2145935058593977,49.26171875,1067.8435882059307,310.20648193359375
1960,8,29.329156494140648,5.433343505859398,39.81119918823242,949.5882144023263,311.02154541015625
1960,9,26.068750000000023,-0.0354064941406022,142.9583282470703,569.7837864416678,314.7709045410156
1960,10,17.245843505859398,-7.035406494140602,100.71353912353516,365.70657368079526,317.9313049316406
1960,11,10.527093505859398,-22.10832824707029,77.06771087646484,245.2945927332317,319.9189147949219
1960,12,1.8083435058593973,-38.50937499999998,69.80728912353516,220.44138193091632,321.0693054199219
1961,1,-1.9624999999999773,-38.54062499999998,48.94010543823242,288.02883899632366,321.8331298828125
1961,2,1.5479064941406475,-29.79582824707029,65.03125,441.16027501654486,322.44427490234375
1961,3,21.600000000000023,-27.118749999999977,91.91927337646484,661.0537651179084,323.01849365234375
1961,4,22.3708435058594,-5.379156494140602,83.67708587646484,771.3735730843874,321.5550537109375
1961,5,27.943750000000023,-5.847906494140602,91.98697662353516,985.4840102229632,318.5516052246094
1961,6,29.7770935058594,-0.2124999999999772,59.40104293823242,1083.5299482568246,313.78289794921875
1961,7,26.4645935058594,3.110406494140648,94.91666412353516,961.2333420948728,310.8120422363281
1961,8,28.5895935058594,4.339593505859398,95.53385162353516,854.6480790809646,311.6464538574219
1961,9,22.516656494140648,-0.4520935058593522,60.24479293823242,617.7042721822473,315.4275817871094
1961,10,23.204156494140648,-6.368749999999977,159.1458282470703,367.2358521520808,318.6156005859375
1961,11,1.1000000000000227,-24.504171752929665,68.03646087646484,258.2496639210172,320.6254577636719
1961,12,-0.1395935058593522,-31.019796752929665,63.703125,218.0905586226129,321.7889404296875
1962,1,0.0062500000000227,-36.81145324707029,70.60677337646484,276.81953144704886,322.5755920410156
1962,2,0.2666564941406477,-40.38957824707029,28.23893165588379,471.1184299814645,323.2129211425781
1962,3,11.881250000000025,-25.337499999999977,85.15885162353516,651.5713279134852,323.7968444824219
1962,4,26.787500000000023,-26.96770324707029,41.69921875,957.313135105652,322.3351745605469
1962,5,31.0583435058594,-4.160406494140602,15.861328125,1192.6592853901554,319.3352966308594
1962,6,26.506250000000023,0.0479064941406477,66.65364837646484,1044.6052807642525,314.5635681152344
1962,7,34.88125000000002,5.495843505859398,101.42708587646484,1037.1936789735012,311.6049499511719
1962,8,31.922906494140648,2.797906494140648,55.80208206176758,945.088415950014,312.4425354003906
1962,9,26.068750000000023,-1.2124999999999773,43.71354293823242,661.1404852339936,316.2295837402344
1962,10,20.318750000000023,-8.035406494140602,137.90625,367.2128858871576,319.4093017578125
1962,11,11.704156494140648,-17.49895324707029,26.673828125,265.21740247902164,321.4015197753906
1962,12,1.4645935058593975,-23.48332824707029,87.98958587646484,190.33651544007265,322.5415954589844
1963,1,4.527093505859398,-29.81145324707029,87.68228912353516,254.8404254015662,323.23455810546875
1963,2,7.412500000000023,-35.76457824707029,55.31510543823242,449.0885308491739,323.8464660644531
1963,3,8.850000000000023,-39.41562499999998,63.1875,641.8726986204988,324.3926696777344
1963,4,15.152093505859398,-14.774999999999975,53.765625,858.0076693826163,322.962646484375
1963,5,22.8395935058594,-7.160406494140602,33.4296875,1080.456363238737,319.9363708496094
1963,6,25.475000000000023,-1.7333435058593525,166.40625,906.9798868016744,315.1434020996094
1963,7,26.7770935058594,3.9020935058593977,111.69271087646484,942.954894002016,312.2059326171875
1963,8,27.485406494140648,-2.4312499999999773,96.69791412353516,840.9220784809548,313.06427001953125
1963,9,27.4958435058594,-3.931249999999977,151.34375,581.2359846248781,316.8782043457031
1963,10,22.662500000000023,-8.722906494140602,57.69661331176758,413.8682579511725,320.0672912597656
1963,11,13.464593505859398,-26.274999999999977,80.37760162353516,251.69854271304723,322.0775451660156
1963,12,0.7354064941406477,-30.46770324707029,52.26432418823242,218.35132265410195,323.1986999511719
1964,1,0.7979064941406477,-37.58749999999998,56.546875,281.5054556160373,323.9613952636719
1964,2,2.8500000000000227,-35.176046752929665,63.23307418823242,446.8863588224942,324.6011657714844
1964,3,4.256250000000023,-31.509374999999977,32.59505081176758,700.2081273233763,325.16534423828125
1964,4,11.464593505859398,-10.983343505859352,86.57552337646484,766.2406486036579,323.7320861816406
1964,5,30.256250000000023,-4.670843505859352,32.17838668823242,1111.0699832114192,320.7231140136719
1964,6,28.1208435058594,-3.3791564941406023,41.93619918823242,1119.9387184662576,315.9325256347656
1964,7,35.00625000000002,3.922906494140648,38.12760543823242,1140.5534942263555,312.97930908203125
1964,8,28.6520935058594,1.1312500000000227,68.82291412353516,900.4927505287092,313.8053283691406
1964,9,20.006250000000023,-1.0979064941406025,64.12109375,600.3036083634805,317.571044921875
1964,10,17.912500000000023,-3.3479064941406023,72.69010162353516,389.9117763593352,320.728759765625
1964,11,6.422906494140648,-13.056249999999975,54.88932418823242,239.4810174060628,322.6939392089844
1964,12,7.079156494140648,-31.066671752929665,68.26822662353516,204.41655186562195,323.7970886230469
1965,1,1.0270935058593975,-36.34270324707029,51.48046875,282.3760960113213,324.5018310546875
1965,2,8.870843505859398,-32.39999999999998,37.53255081176758,461.8973059332756,325.09747314453125
1965,3,8.350000000000023,-30.56145324707029,47.4765625,680.6312258664037,325.62982177734375
1965,4,17.027093505859398,-21.31145324707029,52.04426956176758,900.2494766754777,324.1568298339844
1965,5,23.975000000000023,-6.910406494140602,82.21614837646484,959.5968323098438,321.1366882324219
1965,6,32.50625000000002,3.016656494140648,120.734375,1044.5741170280055,316.3490905761719
1965,7,31.641656494140648,3.1625000000000227,30.81510353088379,1150.7771568385283,313.434814453125
1965,8,23.9958435058594,3.8708435058593977,76.43228912353516,838.2623141724661,314.31640625
1965,9,22.047906494140648,-6.618749999999977,124.91927337646484,568.1624833028976,318.1568908691406
1965,10,22.0270935058594,-15.556249999999975,77.79427337646484,405.3974300140697,321.39923095703125
1965,11,5.183343505859398,-14.931249999999975,48.72916793823242,246.7861934843104,323.4584655761719
1965,12,7.235406494140648,-26.051046752929665,97.46353912353516,186.7716523557825,324.6591796875
1966,1,-5.295843505859352,-44.29062499999998,58.64453125,285.5904149280142,325.4375
1966,2,3.2250000000000227,-38.09270324707029,49.30859375,450.5418967456394,326.1184997558594
1966,3,10.318750000000025,-30.926046752929665,61.58854293823242,672.6099934074361,326.7242431640625
1966,4,22.797906494140648,-17.603124999999977,67.29166412353516,887.1271911441916,325.3101806640625
1966,5,27.568750000000023,-4.785406494140602,78.51041412353516,996.8558545971848,322.3341369628906
1966,6,25.4958435058594,-1.1708435058593525,79.61197662353516,996.1006474333708,317.5682373046875
1966,7,29.975000000000023,5.610406494140648,25.22525978088379,1149.429984308248,314.6763000488281
1966,8,29.4333435058594,3.8395935058593977,127.73697662353516,847.9750677079619,315.5465393066406
1966,9,25.131250000000023,1.4645935058593975,42.77994918823242,667.1867632999562,319.355712890625
1966,10,16.714593505859398,-7.754156494140602,53.98567581176758,404.1439597158776,322.5379638671875
1966,11,16.735406494140648,-20.801046752929665,89.22916412353516,234.13069616115467,324.5282287597656
1966,12,0.9020935058593976,-37.14479675292967,75.515625,219.06402017845505,325.62860107421875
1967,1,-1.7333435058593525,-38.70207824707029,84.70572662353516,268.4612145404375,326.3078308105469
1967,2,5.975000000000023,-30.394796752929665,41.7890625,456.6491553622481,326.8982849121094
1967,3,8.527093505859398,-18.629171752929665,84.875,608.5934929611436,327.4190368652344
1967,4,10.068750000000025,-15.389593505859352,39.82551956176758,895.5801940320694,325.9229431152344
1967,5,27.4333435058594,-6.837499999999977,112.83853912353516,966.6725075387322,322.8868103027344
1967,6,30.047906494140648,2.016656494140648,53.54557418823242,1103.8481479590562,318.0795593261719
1967,7,31.016656494140648,7.558343505859398,40.98046875,1100.682453854918,315.16571044921875
1967,8,28.735406494140648,1.9437500000000227,82.203125,878.8154741116024,316.0340881347656
1967,9,26.9958435058594,-1.3270935058593525,53.73567581176758,646.6776029550275,319.8597717285156
1967,10,23.412500000000023,-5.514593505859352,102.88541412353516,387.5886455293436,323.0895080566406
1967,11,7.297906494140648,-21.56145324707029,32.93489456176758,266.66022294789354,325.131591796875
1967,12,-0.0354064941406022,-34.63957824707029,62.79036331176758,223.19668952499907,326.2974548339844
1968,1,-3.5770935058593523,-40.01979675292967,45.89713668823242,291.9726300888543,327.0614013671875
1968,2,-1.0979064941406025,-42.31667175292967,21.52213478088379,478.8070315261701,327.735107421875
1968,3,10.652093505859398,-32.76457824707029,91.578125,647.9291504925409,328.3366394042969
1968,4,22.1520935058594,-26.759374999999977,80.40364837646484,914.8670358415376,326.8819274902344
1968,5,21.1208435058594,-5.441656494140602,116.75,887.3483667016558,323.9178161621094
1968,6,29.5583435058594,-1.4104064941406025,30.07486915588379,1161.0406382548997,319.1650390625
1968,7,28.516656494140648,3.0062500000000227,78.07552337646484,1019.1489677675182,316.278564453125
1968,8,30.547906494140648,2.641656494140648,41.10416793823242,963.46753422194,317.1441650390625
1968,9,20.3708435058594,-7.639593505859352,78.5703125,586.1973205581128,320.9397277832031
1968,10,19.2458435058594,-6.952093505859352,105.640625,371.3275200378635,324.1490478515625
1968,11,9.964593505859398,-22.65520324707029,74.59375,247.6020978351208,326.1670227050781
1968,12,-1.6395935058593525,-40.52499999999998,82.453125,221.02068437246103,327.3468017578125
1969,1,-2.1916564941406023,-36.91042175292967,65.859375,279.9821863141721,327.9201965332031
1969,2,6.506250000000023,-35.25937499999998,60.94010543823242,447.6499142355082,328.5345153808594
1969,3,13.047906494140648,-34.69687499999998,85.21875,653.6047040945358,329.0818176269531
1969,4,19.2145935058594,-7.243749999999977,28.53645896911621,903.5464099416408,327.693603515625
1969,5,28.568750000000023,-1.0354064941406025,26.58072853088379,1109.097110594914,324.69976806640625
1969,6,30.881250000000023,0.7041564941406477,38.93229293823242,1146.2038227474604,319.9291687011719
1969,7,26.4645935058594,2.047906494140648,106.30208587646484,947.3409094408444,317.1007080078125
1969,8,25.9333435058594,0.8395935058593977,108.38541412353516,813.22306096692,318.0458679199219
1969,9,19.7145935058594,-1.8791564941406025,89.89322662353516,557.51579452071,321.9555969238281
1969,10,11.870843505859398,-6.004156494140602,66.78125,399.01402548650833,325.2611389160156
1969,11,18.443750000000023,-19.816671752929665,91.8203125,234.39778492870124,327.3401794433594
1969,12,-0.4624999999999772,-33.597921752929665,84.96614837646484,212.6632388833444,328.6109619140625
1970,1,0.6729064941406477,-34.38957824707029,43.78255081176758,285.360815012558,329.4188232421875
1970,2,1.9437500000000227,-31.74895324707029,56.82682418823242,447.3315949487078,330.1401062011719
1970,3,10.589593505859398,-29.03020324707029,69.29947662353516,671.1866312674109,330.7676086425781
1970,4,23.725000000000023,-27.488546752929665,45.6796875,940.1967011791768,329.382080078125
1970,5,28.2458435058594,-5.024999999999977,79.36197662353516,1002.724724994834,326.42767333984375
1970,6,28.662500000000023,-0.0041564941406022,108.45052337646484,998.5840755533484,321.6520080566406
1970,7,30.8083435058594,3.943750000000023,213.1302032470703,874.6752275299702,318.8339538574219
1970,8,32.5583435058594,0.7354064941406477,58.76432418823242,944.1512063962348,319.75384521484375
1970,9,24.693750000000023,-1.7645935058593525,73.28385162353516,610.1582635523038,323.62457275390625
1970,10,21.454156494140648,-8.827093505859352,74.42447662353516,397.5442273174036,326.8473815917969
1970,11,6.350000000000023,-26.040624999999977,61.30208206176758,257.5615581493266,328.7957458496094
1970,12,14.631250000000025,-24.90520324707029,44.61067581176758,192.14817778133744,329.8738708496094
1971,1,3.891656494140648,-36.83229675292967,55.75260543823242,278.4723640118796,330.462890625
1971,2,-0.7541564941406023,-37.67604675292967,50.15234375,450.0851648924341,331.0162048339844
1971,3,11.839593505859398,-35.40520324707029,40.19401168823242,680.3676725277804,331.48095703125
1971,4,24.037500000000023,-12.483343505859352,67.078125,843.1439952048614,329.97418212890625
1971,5,26.4020935058594,-4.722906494140602,108.84896087646484,942.3277470391762,326.9010314941406
1971,6,29.547906494140648,0.7979064941406477,72.2265625,1069.2961477427984,322.04034423828125
1971,7,28.7145935058594,2.579156494140648,118.10416412353516,971.2109183413402,319.20745849609375
1971,8,28.485406494140648,1.4958435058593975,66.625,903.319186857632,320.1611022949219
1971,9,22.9020935058594,-2.9833435058593523,107.09375,563.560221598133,324.1160888671875
1971,10,15.318750000000025,-14.066656494140602,65.23697662353516,396.1995524355827,327.4555358886719
1971,11,7.839593505859398,-17.191671752929665,68.44010162353516,240.39229438613384,329.5452880859375
1971,12,6.193750000000023,-32.90520324707029,117.09635162353516,192.06043764595927,330.7800598144531
1972,1,1.7250000000000227,-44.34792175292967,56.64192581176758,281.4932288360738,331.63873291015625
1972,2,6.912500000000023,-34.32707824707029,37.49348831176758,463.32531548504096,332.40484619140625
1972,3,15.329156494140648,-19.363546752929665,39.88671875,663.5972800488319,333.0828857421875
1972,4,22.850000000000023,-15.024999999999975,48.08463668823242,887.6083198084659,331.7217102050781
1972,5,29.204156494140648,-6.827093505859352,113.67447662353516,984.1295069664202,328.8575439453125
1972,6,26.954156494140648,-3.691656494140602,83.40625,1021.5763626111502,324.1882019042969
1972,7,28.037500000000023,4.995843505859398,43.67838668823242,1075.6060342458468,321.5406799316406
1972,8,29.485406494140648,2.4333435058593977,63.70963668823242,915.5074767918989,322.68475341796875
1972,9,24.3395935058594,-7.566656494140602,109.40885162353516,581.9843285957803,326.7905578613281
1972,10,11.631250000000025,-7.587499999999977,118.19271087646484,355.64541689765764,330.2719421386719
1972,11,8.745843505859398,-21.587499999999977,133.7760467529297,226.00826365584825,332.461669921875
1972,12,3.0687500000000227,-33.21249999999998,76.74739837646484,210.3158093911412,333.7591857910156
1973,1,-4.899999999999977,-26.613546752929665,78.37239837646484,253.42909950958872,334.57073974609375
1973,2,0.5166564941406477,-34.847921752929665,46.49479293823242,456.6254102674335,335.3319091796875
1973,3,25.287500000000023,-38.30624999999998,58.015625,664.006955888565,335.9753723144531
1973,4,16.735406494140648,-9.722906494140602,82.70572662353516,759.2602809442625,334.5608825683594
1973,5,26.1833435058594,-6.149999999999977,70.43228912353516,1009.1104096252134,331.61138916015625
1973,6,34.35000000000002,1.0062500000000227,52.8046875,1126.3661814253471,326.82183837890625
1973,7,35.3708435058594,5.058343505859398,67.953125,1092.6847627500083,324.0594482421875
1973,8,27.506250000000023,3.2770935058593977,131.2005157470703,828.0288281114199,325.1244201660156
1973,9,23.391656494140648,-2.9208435058593523,102.90625,569.4252036533857,329.11444091796875
1973,10,16.933343505859398,-5.337499999999977,80.23958587646484,381.2747756036303,332.4494323730469
1973,11,16.797906494140648,-20.301046752929665,89.00521087646484,233.1929594170795,334.45703125
1973,12,0.5687500000000227,-34.46249999999998,63.65234375,221.42638401323185,335.4991149902344
1974,1,-4.847906494140602,-36.40520324707029,81.3046875,269.3647563957454,336.1605224609375
1974,2,-0.2229064941406022,-40.26979675292967,73.69010162353516,429.8002063033541,336.7339172363281
1974,3,12.912500000000025,-26.01457824707029,31.24153709411621,710.1293445251616,337.197265625
1974,4,15.183343505859398,-17.212499999999977,62.53255081176758,866.5312184724125,335.60089111328125
1974,5,31.329156494140648,-4.774999999999977,45.06380081176758,1078.039905679266,332.4857177734375
1974,6,26.329156494140648,0.1208435058593977,190.8645782470703,915.6364857896737,327.5521545410156
1974,7,28.797906494140648,3.672906494140648,47.44401168823242,1074.4723689868938,324.6457824707031
1974,8,29.1833435058594,4.006250000000023,53.61848831176758,920.9597366197272,325.5657653808594
1974,9,28.672906494140648,-3.2645935058593523,53.11067581176758,657.1061603182332,329.42010498046875
1974,10,19.412500000000023,-8.962499999999977,57.15494918823242,406.23978778101264,332.65704345703125
1974,11,14.756250000000025,-6.868749999999977,87.15625,219.77878993957543,334.589111328125
1974,12,4.902093505859398,-24.493749999999977,63.58333206176758,196.46708326461663,335.586669921875
1975,1,-0.4833435058593522,-29.93645324707029,59.53776168823242,270.1556003267344,336.1990051269531
1975,2,0.2666564941406477,-38.31667175292967,48.05208206176758,451.3962993771801,336.74371337890625
1975,3,10.360406494140648,-27.566671752929665,31.814453125,706.3795925284217,337.1988220214844
1975,4,28.7770935058594,-19.957296752929665,69.13802337646484,938.465627741224,335.6017761230469
1975,5,17.006250000000023,-6.139593505859352,81.89322662353516,899.8027558842449,332.4953308105469
1975,6,24.0270935058594,-1.6083435058593525,106.30208587646484,930.2651524101424,327.5946350097656
1975,7,30.6520935058594,2.1208435058593977,105.90364837646484,1002.685343789346,324.7183837890625
1975,8,25.537500000000023,3.829156494140648,77.03125,854.3578896743575,325.6680603027344
1975,9,22.3395935058594,-6.056249999999977,169.1458282470703,544.1247856524244,329.5477294921875
1975,10,12.485406494140648,-7.858343505859352,51.27604293823242,410.6320669800704,332.83258056640625
1975,11,9.902093505859398,-15.410406494140602,97.4140625,223.9227992385809,334.8240661621094
1975,12,7.735406494140648,-34.54582824707029,78.27864837646484,205.63535573065585,335.87335205078125
1976,1,-7.754156494140602,-44.04582824707029,69.8359375,280.73014887486767,336.5136413574219
1976,2,-5.858343505859352,-41.23854675292967,54.55338668823242,433.6151663757132,337.135986328125
1976,3,13.193750000000025,-31.01457824707029,34.31380081176758,702.3059256473684,337.68182373046875
1976,4,21.8708435058594,-15.899999999999975,118.828125,825.9573712544221,336.24468994140625
1976,5,21.954156494140648,-4.014593505859352,21.45052146911621,1124.1857943263726,333.2528076171875
1976,6,33.32915649414065,-2.9416564941406023,75.90625,1093.135662260928,328.4591064453125
1976,7,31.0895935058594,3.662500000000023,74.0,1054.9185238440589,325.6982727050781
1976,8,25.9020935058594,3.756250000000023,39.24088668823242,938.902271133485,326.71746826171875
1976,9,24.079156494140648,-1.4104064941406025,66.9296875,615.441703945115,330.6592712402344
1976,10,21.266656494140648,-6.097906494140602,84.94791412353516,391.3399574018789,334.0224304199219
1976,11,6.881250000000023,-25.144796752929665,54.078125,257.76432964459514,336.11163330078125
1976,12,2.3708435058593977,-38.08749999999998,69.72396087646484,219.2026446173895,337.31195068359375
1977,1,3.7770935058593977,-34.74374999999998,52.84114456176758,277.1204179780573,338.10833740234375
1977,2,-1.3895935058593525,-42.51457824707029,44.52604293823242,444.7141208693531,338.82952880859375
1977,3,5.214593505859398,-35.83749999999998,31.37955665588379,688.6021148736755,339.4618225097656
1977,4,14.225000000000025,-21.74895324707029,143.8333282470703,812.3174168084977,338.06353759765625
1977,5,25.0895935058594,-4.316656494140602,34.6328125,1079.079424490849,335.130615234375
1977,6,25.881250000000023,-3.639593505859352,132.9583282470703,969.3585336262952,330.37725830078125
1977,7,22.0270935058594,1.7979064941406475,122.11978912353516,874.1203217175291,327.6569519042969
1977,8,26.631250000000023,2.672906494140648,70.76041412353516,882.1516049603862,328.744140625
1977,9,25.600000000000023,-1.6812499999999773,84.77083587646484,599.4592344306196,332.72003173828125
1977,10,21.735406494140648,-3.722906494140602,168.4791717529297,355.8168876250028,336.0983581542969
1977,11,14.120843505859398,-15.118749999999975,119.015625,219.2606978071835,338.164794921875
1977,12,3.6833435058593977,-28.587499999999977,82.0625,199.7349009162341,339.3006591796875
1978,1,0.9645935058593976,-37.06145324707029,44.04557418823242,287.8238793624553,339.9628601074219
1978,2,0.7666564941406477,-36.60832824707029,69.80728912353516,441.2165203173201,340.6224670410156
1978,3,3.3395935058593977,-27.332296752929665,51.52734375,669.9183614028586,341.1889953613281
1978,4,23.6208435058594,-23.457296752929665,21.87109375,996.4014059752146,339.8027648925781
1978,5,29.422906494140648,-6.920843505859352,85.8359375,1010.0861403442104,336.80169677734375
1978,6,25.8083435058594,-3.1395935058593523,99.5625,974.8791059852626,331.9902648925781
1978,7,30.6833435058594,2.5895935058593977,53.01692581176758,1079.4711393464818,329.223876953125
1978,8,25.735406494140648,1.2562500000000227,51.42708206176758,902.223346038617,330.2886047363281
1978,9,21.766656494140648,1.6312500000000227,171.953125,523.3459785542058,334.2388610839844
1978,10,17.225000000000023,-5.358343505859352,146.0104217529297,345.2421678268061,337.57781982421875
1978,11,8.131250000000023,-28.707296752929665,82.89583587646484,253.7884051430832,339.6156311035156
1978,12,0.2562500000000227,-33.74374999999998,103.53646087646484,203.01669875903795,340.77545166015625
1979,1,-0.3791564941406022,-37.86874999999998,120.2734375,248.76245010356777,341.5477294921875
1979,2,4.058343505859398,-36.30104675292967,48.390625,453.0851208214261,342.2216796875
1979,3,9.735406494140648,-33.05624999999998,55.58723831176758,670.2126365793439,342.7892761230469
1979,4,20.7145935058594,-15.743749999999975,15.258137702941896,1008.2215374734984,341.34368896484375
1979,5,28.9645935058594,-4.868749999999977,82.27083587646484,1001.3329507922534,338.35394287109375
1979,6,32.01665649414065,1.6416564941406475,134.2708282470703,1037.445510554886,333.5400390625
1979,7,32.00625000000002,4.922906494140648,91.90364837646484,1028.1960946852057,330.8043518066406
1979,8,26.350000000000023,-0.8166564941406023,46.05078125,914.060486558298,331.9966735839844
1979,9,21.454156494140648,-3.4312499999999773,92.04166412353516,569.169716140254,336.0638122558594
1979,10,14.339593505859398,-7.962499999999977,71.11458587646484,391.4338213677901,339.51092529296875
1979,11,8.506250000000023,-14.024999999999975,67.0859375,235.79826765162025,341.60772705078125
1979,12,9.391656494140648,-27.99895324707029,45.45051956176758,201.38444814115863,342.8135070800781
1980,1,1.3812500000000227,-39.26979675292967,63.98307418823242,279.7150846610507,343.58026123046875
1980,2,5.704156494140648,-27.73332824707029,44.94661331176758,449.3018404250176,344.2919616699219
1980,3,22.256250000000023,-29.57707824707029,44.67838668823242,688.716265796464,344.8712463378906
1980,4,20.850000000000023,-12.660406494140602,32.48958206176758,908.8910561486596,343.44915771484375
1980,5,27.631250000000023,-8.524999999999977,59.6953125,1034.9457175920418,340.4355163574219
1980,6,30.1208435058594,1.9750000000000227,90.79427337646484,1043.5653502416471,335.5936584472656
1980,7,29.016656494140648,3.0375000000000227,67.41666412353516,1045.4448252161726,332.8423156738281
1980,8,27.672906494140648,5.537500000000023,109.4296875,825.9027412302637,334.1039123535156
1980,9,18.600000000000023,-6.733343505859352,81.3046875,573.0471808611369,338.1973876953125
1980,10,12.152093505859398,-6.785406494140602,79.09114837646484,384.75522136947353,341.6189270019531
1980,11,8.672906494140648,-26.24895324707029,83.1796875,250.4042398130508,343.63751220703125
1980,12,1.7145935058593975,-29.81145324707029,60.20442581176758,212.91919134926147,344.7261047363281
1981,1,4.402093505859398,-40.45729675292967,114.0625,255.417059889022,345.4189758300781
1981,2,0.7250000000000227,-37.54062499999998,54.66015625,447.5242185447244,346.0247497558594
1981,3,17.058343505859398,-34.03020324707029,42.46875,673.1037793517825,346.46649169921875
1981,4,22.318750000000023,-21.90520324707029,37.00260543823242,952.0338853207352,344.9114074707031
1981,5,28.266656494140648,-3.993749999999977,70.046875,1012.231192845637,341.7367248535156
1981,6,34.51665649414065,-0.8583435058593523,27.56966209411621,1187.6598747151852,336.745849609375
1981,7,32.07915649414065,8.277093505859398,64.22916412353516,1072.5431502357294,333.8693542480469
1981,8,28.4020935058594,-0.4937499999999772,117.44271087646484,834.6975950174717,335.0911560058594
1981,9,21.5583435058594,-1.4937499999999773,149.71875,525.5019738828637,339.1254577636719
1981,10,18.235406494140648,-8.827093505859352,75.54947662353516,386.0018999908478,342.4795837402344
1981,11,12.110406494140648,-21.399999999999977,141.0520782470703,223.8882767894892,344.40985107421875
1981,12,4.693750000000023,-34.01457824707029,81.125,206.70883113643285,345.38104248046875
1982,1,0.9645935058593976,-34.363546752929665,18.29817771911621,311.2919841801792,345.97845458984375
1982,2,1.9750000000000227,-42.62917175292967,36.02994918823242,454.42922080113743,346.5316162109375
1982,3,11.058343505859398,-27.321874999999977,109.61978912353516,634.825352308721,346.91693115234375
1982,4,19.4645935058594,-9.483343505859352,84.10677337646484,770.6857616685508,345.36883544921875
1982,5,28.516656494140648,-7.056249999999977,67.25,1034.7995106007966,342.1645812988281
1982,6,31.860406494140648,-0.8583435058593523,33.322265625,1163.142705284494,337.17266845703125
1982,7,32.0895935058594,3.9333435058593977,60.56901168823242,1080.862898652784,334.3209533691406
1982,8,30.454156494140648,0.7770935058593977,83.859375,889.759063668887,335.6272888183594
1982,9,27.162500000000023,-5.556249999999977,133.6223907470703,606.4731000965726,339.7487487792969
1982,10,18.5270935058594,-7.389593505859352,102.21875,369.4157701289652,343.2000732421875
1982,11,15.329156494140648,-20.462499999999977,86.7578125,235.21124731570544,345.2337646484375
1982,12,0.9854064941406476,-32.32187499999998,44.06770706176758,224.6767628112872,346.37420654296875
1983,1,0.3083435058593977,-39.95729675292967,83.52083587646484,269.5030212791503,347.1180725097656
1983,2,-4.837499999999977,-34.17082824707029,46.82551956176758,453.34448903563737,347.80548095703125
1983,3,2.204156494140648,-34.37395324707029,40.85676956176758,676.6736363612099,348.30242919921875
1983,4,25.797906494140648,-31.634374999999977,22.55403709411621,966.1995978706328,346.8527526855469
1983,5,27.6833435058594,-9.399999999999975,100.87239837646484,983.8774509645456,343.72796630859375
1983,6,27.422906494140648,2.5687500000000227,105.671875,993.0705561255892,338.7948303222656
1983,7,27.068750000000023,4.277093505859398,76.01822662353516,1003.6620254844336,335.99945068359375
1983,8,28.1520935058594,3.1312500000000227,112.0703125,837.3880273511676,337.45037841796875
1983,9,25.9645935058594,-0.4520935058593522,168.0,555.9412387328081,341.6773986816406
1983,10,21.3083435058594,-2.6812499999999773,83.49478912353516,387.66245916784266,345.1517639160156
1983,11,10.193750000000025,-19.269796752929665,108.70833587646484,228.05036390968303,347.1294860839844
1983,12,13.172906494140648,-35.62395324707029,106.14583587646484,196.3390551666944,347.9167785644531
1984,1,0.0791564941406477,-41.48332824707029,72.4921875,276.7270654072538,348.63348388671875
1984,2,-4.118749999999977,-34.879171752929665,26.37630271911621,485.47884798218365,349.2727355957031
1984,3,9.277093505859398,-30.597921752929665,54.9765625,674.2954089602496,349.8343811035156
1984,4,21.9020935058594,-16.222906494140602,36.86067581176758,924.0465311289424,348.56121826171875
1984,5,25.016656494140648,-7.118749999999977,98.375,948.2269617122664,345.50604248046875
1984,6,28.068750000000023,-0.8479064941406023,91.13541412353516,1009.7206428174272,340.76715087890625
1984,7,35.44375000000002,4.214593505859398,52.47786331176758,1108.4552585051017,337.9710388183594
1984,8,27.141656494140648,2.204156494140648,136.9583282470703,818.3487897131047,338.99530029296875
1984,9,25.110406494140648,-2.3479064941406023,149.203125,554.8721478469164,342.8558654785156
1984,10,24.225000000000023,-10.629156494140602,99.1484375,389.742177756277,346.1112976074219
1984,11,9.693750000000025,-14.472906494140602,42.0234375,249.3329682838002,348.11279296875
1984,12,3.6208435058593977,-34.40520324707029,120.12760162353516,194.6965196421121,349.15386962890625
1985,1,4.350000000000023,-33.44687499999998,79.35416412353516,266.07110881055576,349.8715515136719
1985,2,-0.3687499999999772,-38.47812499999998,31.86393165588379,471.2840970432565,350.56005859375
1985,3,10.141656494140648,-37.17604675292967,61.34505081176758,655.5266236167131,351.20263671875
1985,4,19.954156494140648,-22.43645324707029,72.86978912353516,904.8107740427206,350.087890625
1985,5,32.56875000000002,-7.254156494140602,77.81771087646484,1052.6774254508832,347.2033996582031
1985,6,25.9958435058594,1.0791564941406475,75.2421875,1023.478231405214,342.51190185546875
1985,7,31.2458435058594,4.204156494140648,39.91536331176758,1114.3996438241145,339.7041015625
1985,8,27.5270935058594,-0.2749999999999772,67.39322662353516,888.147619461325,340.6159362792969
1985,9,23.516656494140648,-0.9833435058593524,134.1145782470703,559.0001377288012,344.40869140625
1985,10,21.068750000000023,-13.347906494140602,60.96354293823242,409.450809997732,347.6040344238281
1985,11,6.672906494140648,-23.274999999999977,107.7109375,234.7580345792601,349.6033630371094
1985,12,0.9750000000000228,-25.01457824707029,53.95833206176758,207.829800184298,350.94378662109375
1986,1,2.985406494140648,-31.29582824707029,135.3645782470703,235.59186432748868,351.6814270019531
1986,2,2.610406494140648,-31.181249999999977,38.01823043823242,465.2827251056716,352.34625244140625
1986,3,13.683343505859398,-29.097921752929665,19.46028709411621,737.2407779935131,352.9094543457031
1986,4,18.943750000000023,-13.472906494140602,35.24479293823242,902.9775317283102,351.60980224609375
1986,5,29.391656494140648,-5.399999999999977,49.93489456176758,1057.7291683317442,348.5733642578125
1986,6,26.850000000000023,-1.0041564941406025,157.6822967529297,927.73400822926,343.7513732910156
1986,7,28.8395935058594,4.547906494140648,52.10546875,1059.603377722225,340.9390869140625
1986,8,28.037500000000023,4.172906494140648,101.47135162353516,843.0318800653358,342.0728759765625
1986,9,22.579156494140648,-4.108343505859352,104.11197662353516,568.4469768985047,346.0048828125
1986,10,19.5270935058594,-4.108343505859352,40.76692581176758,436.64362930098537,349.311767578125
1986,11,17.433343505859398,-9.889593505859352,109.71875,209.3666941739472,351.2742004394531
1986,12,1.6104064941406475,-29.48332824707029,87.11978912353516,202.15786577915,352.357421875
1987,1,2.0270935058593977,-31.754171752929665,98.12760162353516,253.4595969626623,353.13934326171875
1987,2,7.162500000000023,-38.13437499999998,86.3828125,431.5389659645662,353.80084228515625
1987,3,9.870843505859398,-24.54582824707029,63.87369918823242,665.0006826655451,354.3677062988281
1987,4,14.058343505859398,-13.295843505859352,32.431640625,910.1739090685312,353.0570983886719
1987,5,22.235406494140648,-4.233343505859352,48.94791793823242,1008.9580726778296,350.0110778808594
1987,6,29.891656494140648,1.4437500000000227,87.24739837646484,1044.7641483501277,345.3055725097656
1987,7,29.5583435058594,2.8187500000000227,35.56510543823242,1120.7480172668536,342.5779724121094
1987,8,25.881250000000023,0.2458435058593977,114.80728912353516,807.2572989799238,343.8668518066406
1987,9,24.9020935058594,-0.9416564941406024,129.4270782470703,572.9550546654195,347.8883972167969
1987,10,13.329156494140648,-8.764593505859352,103.08072662353516,363.70046823470426,351.3212585449219
1987,11,12.006250000000025,-8.983343505859352,79.8828125,223.44693108581924,353.47100830078125
1987,12,5.954156494140648,-32.82707824707029,112.5859375,193.0417184813131,354.8570861816406
1988,1,4.537500000000023,-28.926046752929665,101.328125,246.8828694627852,355.7313537597656
1988,2,7.620843505859398,-37.61354675292967,72.0625,443.3789970433112,356.5586242675781
1988,3,12.839593505859398,-31.384374999999977,65.71353912353516,675.8729140969596,357.1624450683594
1988,4,18.110406494140648,-15.722906494140602,31.18815040588379,926.6719957122508,355.62725830078125
1988,5,29.047906494140648,-4.879156494140602,45.91145706176758,1063.464740932619,352.6468200683594
1988,6,31.922906494140648,3.766656494140648,91.2890625,1060.8771890141263,347.9389953613281
1988,7,29.193750000000023,4.735406494140648,110.26822662353516,972.0480800565168,345.1496276855469
1988,8,30.725000000000023,4.693750000000023,108.859375,861.9127136984799,346.80584716796875
1988,9,26.912500000000023,-5.660406494140602,73.5703125,636.866347715014,350.79290771484375
1988,10,22.172906494140648,-7.004156494140602,96.796875,385.50750287483777,354.27734375
1988,11,12.068750000000025,-13.889593505859352,78.38541412353516,229.48482845442385,356.32476806640625
1988,12,5.485406494140648,-26.316671752929665,51.265625,201.5274481675456,357.6127014160156
1989,1,0.8083435058593977,-34.363546752929665,77.01041412353516,269.8324931290489,358.230224609375
1989,2,12.714593505859398,-33.73332824707029,65.35677337646484,449.4618199154188,358.8263244628906
1989,3,12.881250000000025,-18.46770324707029,59.12109375,639.1697498535816,359.22308349609375
1989,4,17.370843505859398,-21.946874999999977,95.8671875,857.5616707324841,357.2320556640625
1989,5,26.193750000000023,-5.097906494140602,35.6328125,1088.371192486832,354.1412353515625
1989,6,30.391656494140648,-1.0354064941406025,69.8359375,1074.2531580951973,349.2093200683594
1989,7,28.610406494140648,4.454156494140648,59.09244918823242,1047.266179737859,346.2450256347656
1989,8,31.8083435058594,3.4125000000000227,39.78385543823242,975.8250937544536,348.14990234375
1989,9,28.475000000000023,-3.639593505859352,52.15755081176758,658.9898960536954,352.19000244140625
1989,10,20.172906494140648,-5.952093505859352,68.99478912353516,405.6426867817342,355.6904296875
1989,11,3.1208435058593977,-17.82707824707029,96.86197662353516,227.4394548145084,357.6609191894531
1989,12,1.6000000000000227,-29.696874999999977,73.3046875,209.17771428648368,359.0688781738281
1990,1,-0.2437499999999772,-39.87395324707029,50.47135543823242,285.4755071017914,360.2505798339844
1990,2,5.172906494140648,-34.691671752929665,27.123046875,476.8282928868665,360.79986572265625
1990,3,7.256250000000023,-25.832296752929665,65.51822662353516,665.314647377757,360.9676818847656
1990,4,14.433343505859398,-33.22812499999998,94.828125,858.6589201952955,358.2246398925781
1990,5,24.329156494140648,-6.327093505859352,58.61067581176758,1009.8664248228704,354.9190979003906
1990,6,30.1833435058594,-1.1604064941406025,110.20572662353516,1012.3521680877138,349.6448669433594
1990,7,32.79790649414065,4.995843505859398,46.9296875,1101.9079991474389,346.7168884277344
1990,8,29.5895935058594,-1.0666564941406025,22.30078125,1010.2170632493038,349.0352783203125
1990,9,26.110406494140648,0.0687500000000227,39.56640625,674.6074380891027,353.78118896484375
1990,10,25.7770935058594,-4.910406494140602,54.109375,433.5124056951654,357.7923583984375
1990,11,10.256250000000025,-11.514593505859352,97.59114837646484,215.9455987735105,359.947509765625
1990,12,-1.0041564941406025,-31.707296752929665,91.38802337646484,207.62758167812223,360.7008972167969
1991,1,7.308343505859398,-36.37395324707029,74.32291412353516,272.8672204645872,361.43829345703125
1991,2,-0.3999999999999772,-35.11874999999998,40.97786331176758,463.39330588022057,362.1111145019531
1991,3,10.975000000000025,-30.488546752929665,97.3203125,646.5549333300946,362.4916076660156
1991,4,20.131250000000023,-10.597906494140602,53.74609375,832.4889805150458,360.2358093261719
1991,5,29.797906494140648,-4.899999999999977,113.984375,977.3284527155296,356.8921203613281
1991,6,30.672906494140648,2.6625000000000227,75.7734375,1078.8522117199725,351.8040771484375
1991,7,31.3083435058594,3.818750000000023,35.64453125,1130.0953751347172,348.9200744628906
1991,8,29.100000000000023,4.777093505859398,47.31770706176758,930.4362917551798,350.6206970214844
1991,9,28.350000000000023,-1.8479064941406025,83.23697662353516,620.3202287830263,354.8504638671875
1991,10,18.0270935058594,-13.722906494140602,47.63411331176758,412.0149370872962,358.6244812011719
1991,11,1.5375000000000227,-22.363546752929665,82.51822662353516,245.1230101448714,360.70330810546875
1991,12,1.1416564941406475,-27.160421752929665,93.30989837646484,196.1456700734667,361.9669494628906
1992,1,4.527093505859398,-33.35312499999998,86.52083587646484,262.0437255820664,362.59698486328125
1992,2,7.058343505859398,-43.10832824707029,70.9453125,431.1364138276246,363.12298583984375
1992,3,10.829156494140648,-34.64999999999998,42.09244918823242,678.6970714511507,363.3221435546875
1992,4,14.162500000000025,-7.035406494140602,45.97395706176758,842.1539082932779,360.8921813964844
1992,5,28.9333435058594,-2.5145935058593523,40.0625,1063.2103795614694,357.3379821777344
1992,6,27.162500000000023,1.0895935058593975,92.9921875,1003.2827798906231,352.00531005859375
1992,7,30.7145935058594,7.058343505859398,70.76822662353516,1048.8061531481258,349.0716552734375
1992,8,28.8708435058594,1.7666564941406475,114.09375,844.9896894000723,350.981689453125
1992,9,23.881250000000023,-3.4833435058593523,33.82161331176758,679.161450427032,355.4900207519531
1992,10,20.7145935058594,-8.295843505859352,62.01171875,407.7478403913354,359.30084228515625
1992,11,16.891656494140648,-10.608343505859352,61.60546875,228.98557239935545,361.4385986328125
1992,12,5.787500000000023,-33.85312499999998,91.73697662353516,201.3839864500685,362.7873840332031
1993,1,1.5270935058593975,-37.17604675292967,80.70572662353516,270.5957977502849,363.3543701171875
1993,2,4.516656494140648,-28.103124999999977,55.11979293823242,442.250686474039,363.8221435546875
1993,3,24.329156494140648,-33.49374999999998,86.26302337646484,673.1031203611979,363.89630126953125
1993,4,13.172906494140648,-13.264593505859352,42.75520706176758,878.835488914142,361.27545166015625
1993,5,26.4958435058594,-7.399999999999977,154.3229217529297,924.9823914170664,357.5306701660156
1993,6,27.381250000000023,-1.0041564941406025,62.42578125,1057.1920905715783,352.03240966796875
1993,7,29.0895935058594,7.704156494140648,96.88541412353516,982.6575815881793,349.1462097167969
1993,8,25.506250000000023,2.2562500000000227,30.19986915588379,969.3777135303544,351.9530334472656
1993,9,25.8708435058594,-4.066656494140602,104.36197662353516,592.502767734939,356.5421142578125
1993,10,20.6208435058594,-7.306249999999977,137.9427032470703,369.2343804052418,360.6516418457031
1993,11,4.475000000000023,-24.212499999999977,104.68228912353516,236.67915137728096,362.95623779296875
1993,12,-1.2124999999999773,-35.10832824707029,57.0859375,227.99378336460305,364.0259704589844
1994,1,-0.0562499999999772,-34.93645324707029,56.51171875,279.53447215216926,364.7372741699219
1994,2,-5.462499999999977,-34.75937499999998,86.140625,411.7486291436775,365.3316650390625
1994,3,8.704156494140648,-34.82187499999998,89.2421875,642.8251285064961,365.51019287109375
1994,4,15.589593505859398,-22.03020324707029,74.36978912353516,883.4209971250156,362.8381042480469
1994,5,28.912500000000023,-3.3999999999999773,40.33984375,1068.44769712536,359.23681640625
1994,6,29.797906494140648,2.266656494140648,84.24478912353516,1051.1220077067553,353.8851318359375
1994,7,36.26665649414065,4.495843505859398,62.86067581176758,1106.5962165716105,351.1913146972656
1994,8,29.797906494140648,-0.0562499999999772,33.19921875,974.1073770812352,354.16033935546875
1994,9,21.850000000000023,-4.649999999999977,172.3333282470703,536.820447693906,358.50323486328125
1994,10,15.110406494140648,-5.702093505859352,122.47396087646484,358.4035085132196,362.7457275390625
1994,11,10.037500000000025,-27.28020324707029,55.41666793823242,258.8755007709036,365.0538635253906
1994,12,3.6000000000000227,-22.26457824707029,108.90885162353516,177.2681482865825,366.8096618652344
1995,1,-2.6499999999999773,-38.23854675292967,64.34505462646484,281.4997890179746,367.4249572753906
1995,2,0.2145935058593977,-33.88437499999998,82.96614837646484,427.56561554106753,367.9544677734375
1995,3,12.454156494140648,-24.149999999999977,77.05728912353516,657.0905111709795,367.7301940917969
1995,4,15.308343505859398,-15.774999999999975,32.10091018676758,922.1092329795746,364.5950927734375
1995,5,24.1208435058594,-5.743749999999977,91.5078125,940.75104247865,360.4986572265625
1995,6,27.350000000000023,0.6208435058593977,113.1953125,981.2766418910716,354.7843322753906
1995,7,32.20415649414065,5.745843505859398,38.61328125,1118.7822276998895,352.4059143066406
1995,8,33.10000000000002,2.3187500000000227,56.24348831176758,954.5603540724876,355.9554138183594
1995,9,29.5583435058594,-1.3687499999999773,41.11198043823242,678.5019462366535,360.9864501953125
1995,10,27.006250000000023,-3.931249999999977,73.90885162353516,422.8346039822197,365.6639709472656
1995,11,14.443750000000025,-26.06145324707029,133.1354217529297,238.7634080744249,368.0008850097656
1995,12,4.214593505859398,-33.472921752929665,58.29557418823242,213.116582209284,368.5675964355469
1996,1,-1.8374999999999773,-32.707296752929665,48.890625,281.55226945089873,369.25494384765625
1996,2,5.527093505859398,-38.56145324707029,38.7109375,458.10142637673925,369.841796875
1996,3,10.152093505859398,-27.53020324707029,70.56771087646484,668.8499701568154,369.8940734863281
1996,4,24.412500000000023,-13.264593505859352,39.94661331176758,895.8367409719007,366.9613342285156
1996,5,26.3708435058594,-3.5145935058593523,16.9375,1170.531498654174,363.4115295410156
1996,6,32.28750000000002,-0.1395935058593522,104.99739837646484,1042.068414058525,357.9674377441406
1996,7,28.443750000000023,6.610406494140648,108.49478912353516,958.9735155332688,355.2792663574219
1996,8,30.318750000000023,2.5375000000000227,72.671875,911.9826534238732,358.12744140625
1996,9,20.766656494140648,-7.493749999999977,152.3802032470703,534.2616871458216,362.51055908203125
1996,10,11.881250000000025,-5.587499999999977,64.35677337646484,401.3605044137387,366.80096435546875
1996,11,15.631250000000025,-17.28020324707029,55.97135543823242,240.05698116661472,368.9983215332031
1996,12,1.2458435058593975,-33.551046752929665,83.50260162353516,210.53708683130645,370.59954833984375
1997,1,-2.6708435058593523,-43.60312499999998,60.60286331176758,283.20015173533017,371.1294860839844
1997,2,3.975000000000023,-34.082296752929665,38.47526168823242,464.5118168140887,371.4954528808594
1997,3,13.370843505859398,-31.70207824707029,36.24869918823242,698.1769607620313,371.08416748046875
1997,4,26.610406494140648,-21.853124999999977,30.64713478088379,973.1703334068286,367.6767883300781
1997,5,29.193750000000023,-6.274999999999977,46.13541793823242,1069.6251278193354,363.46734619140625
1997,6,28.0583435058594,-0.7854064941406023,119.18489837646484,986.502695323672,357.8250732421875
1997,7,29.016656494140648,3.9333435058593977,33.37109375,1121.2091755767271,355.5469665527344
1997,8,29.2145935058594,6.683343505859398,67.2109375,900.6326231918516,358.85089111328125
1997,9,24.485406494140648,-2.3479064941406023,78.79947662353516,600.7242397211162,363.947509765625
1997,10,22.631250000000023,-7.493749999999977,71.77864837646484,406.66333612002586,368.68060302734375
1997,11,10.631250000000025,-13.493749999999975,85.24478912353516,224.6933705474549,371.087158203125
1997,12,3.631250000000023,-28.082296752929665,57.0859375,206.59377820032265,371.88800048828125
1998,1,0.1312500000000227,-41.49895324707029,54.69270706176758,283.0481007005727,372.6523132324219
1998,2,5.745843505859398,-35.113546752929665,52.28125,449.8932293686796,373.3189392089844
1998,3,10.610406494140648,-28.29582824707029,77.12239837646484,663.7257769443404,373.36944580078125
1998,4,24.3083435058594,-17.774999999999977,27.630859375,959.46065742592,370.4629821777344
1998,5,27.381250000000023,-6.160406494140602,78.4921875,1004.2563732342433,366.6603088378906
1998,6,27.016656494140648,0.3395935058593977,48.1484375,1088.245972235576,361.2206726074219
1998,7,28.672906494140648,6.693750000000023,114.0546875,956.537905825877,358.9080505371094
1998,8,26.475000000000023,0.9541564941406476,115.93228912353516,816.7424935946393,362.2749328613281
1998,9,19.9020935058594,-2.7749999999999773,143.046875,526.0538449157644,367.0877380371094
1998,10,21.162500000000023,-10.358343505859352,92.69010162353516,380.9063408182869,371.6779479980469
1998,11,9.547906494140648,-21.53020324707029,95.5234375,237.12865949441635,374.0437316894531
1998,12,3.110406494140648,-35.38957824707029,117.41927337646484,196.81410921218205,375.8956298828125
1999,1,1.7875000000000227,-36.99895324707029,81.58333587646484,269.89629897429785,376.4324951171875
1999,2,6.631250000000023,-29.73332824707029,76.09114837646484,436.4957372660568,376.82257080078125
1999,3,13.297906494140648,-24.60832824707029,20.31705665588379,736.0624292733537,376.314453125
1999,4,18.287500000000023,-15.472906494140602,122.35416412353516,799.2169069397348,372.5730285644531
1999,5,24.443750000000023,-7.379156494140602,62.5546875,1004.8801109562506,368.2731628417969
1999,6,29.922906494140648,-1.1812499999999773,113.30728912353516,1007.7064454366996,362.6639709472656
1999,7,30.1520935058594,7.339593505859398,107.0,981.165172487077,359.9338684082031
1999,8,27.2145935058594,1.5895935058593975,54.42838668823242,909.5039276540384,363.4981994628906
1999,9,26.475000000000023,-0.5666564941406023,140.84375,575.6865818434715,368.9086608886719
1999,10,18.4958435058594,-9.285406494140602,143.9322967529297,351.9086739675469,373.8175964355469
1999,11,11.652093505859398,-20.009374999999977,179.6041717529297,207.8092060351492,376.0993957519531
1999,12,2.266656494140648,-24.93645324707029,36.39973831176758,214.9960919012221,376.74578857421875
2000,1,2.5062500000000227,-38.20729675292967,70.84635162353516,276.6335770294494,377.35498046875
2000,2,0.6000000000000227,-41.13957824707029,85.68489837646484,416.8649785399005,377.8044738769531
2000,3,21.3708435058594,-19.681249999999977,115.15103912353516,615.4841119390305,377.6075744628906
2000,4,16.985406494140648,-19.493749999999977,153.375,781.3398111482006,374.1496887207031
2000,5,29.079156494140648,-7.483343505859352,74.73958587646484,1027.1921482601251,370.4373779296875
2000,6,27.7145935058594,5.120843505859398,123.90364837646484,980.715335979498,365.1742248535156
2000,7,28.891656494140648,3.0895935058593977,90.98177337646484,998.496359443292,362.01898193359375
2000,8,26.9020935058594,4.391656494140648,93.890625,839.1922915919589,365.3402099609375
2000,9,23.797906494140648,-1.4624999999999773,124.33072662353516,564.1232715499369,370.2906188964844
2000,10,20.079156494140648,-8.608343505859352,99.6640625,374.8351763385004,374.8941955566406
2000,11,11.964593505859398,-24.915624999999977,88.4296875,246.4432497961948,377.18817138671875
2000,12,-6.649999999999977,-31.98332824707029,98.15364837646484,212.3218262790558,378.80767822265625
2001,1,0.6833435058593977,-28.85832824707029,114.34635162353516,238.3558418656293,379.2862243652344
2001,2,4.370843505859398,-35.660421752929665,21.21158790588379,488.57265855468745,379.68682861328125
2001,3,6.422906494140648,-22.004171752929665,68.3828125,645.3319582884195,379.24432373046875
2001,4,17.454156494140648,-13.962499999999975,17.86588478088379,968.3896988258774,375.4383544921875
2001,5,20.287500000000023,-4.379156494140602,106.01302337646484,877.7759453621442,371.47723388671875
2001,6,26.318750000000023,3.3395935058593977,61.61458206176758,1058.3004310910428,366.1645812988281
2001,7,30.037500000000023,9.079156494140648,115.52864837646484,971.9493307352736,362.8546142578125
2001,8,28.204156494140648,4.641656494140648,156.515625,787.265521344526,366.6595153808594
2001,9,23.735406494140648,-1.6291564941406025,84.74739837646484,586.0570833328717,372.24847412109375
2001,10,20.8708435058594,-9.441656494140602,75.27603912353516,394.1252080343815,377.1681823730469
2001,11,9.693750000000025,-10.816656494140602,123.15885162353516,207.98328764564607,379.4583740234375
2001,12,12.016656494140648,-24.691671752929665,119.6484375,178.1109611582551,380.38323974609375
2002,1,0.7979064941406477,-33.24895324707029,90.19791412353516,259.8378070518893,380.9123840332031
2002,2,10.589593505859398,-36.25937499999998,81.7265625,438.7543687847497,381.3858642578125
2002,3,7.027093505859398,-30.165624999999977,90.0390625,643.8897680079424,381.0607604980469
2002,4,19.850000000000023,-26.368749999999977,58.1015625,923.0966700186628,377.467041015625
2002,5,32.23540649414065,-4.587499999999977,58.51953125,1059.157359898616,373.656005859375
2002,6,30.0270935058594,-0.1291564941406022,76.2265625,1061.1338099321897,368.4959716796875
2002,7,34.47500000000002,4.787500000000023,77.22396087646484,1072.2831171429405,365.20025634765625
2002,8,30.454156494140648,3.9333435058593977,113.54166412353516,858.6168597302617,369.1120910644531
2002,9,28.0270935058594,-4.993749999999977,100.79166412353516,615.1907420317932,374.69476318359375
2002,10,12.225000000000025,-6.837499999999977,99.31771087646484,367.4120063555813,379.62664794921875
2002,11,10.797906494140648,-22.649999999999977,114.91146087646484,233.9695064957656,382.0366516113281
2002,12,3.1000000000000227,-29.43645324707029,78.44271087646484,203.7658534251996,382.639404296875
2003,1,4.297906494140648,-42.31145324707029,85.51041412353516,268.2518576882351,383.3601989746094
2003,2,8.214593505859398,-29.191671752929665,71.4921875,440.2848925172489,384.013427734375
2003,3,10.735406494140648,-32.16562499999998,21.21224021911621,723.0565833357916,384.10125732421875
2003,4,22.7458435058594,-27.191671752929665,100.234375,903.7570822661808,380.8087463378906
2003,5,27.193750000000023,-7.202093505859352,68.92708587646484,1022.9226199866856,377.329345703125
2003,6,26.1520935058594,-1.7958435058593525,82.24478912353516,1000.0946868409789,372.5567626953125
2003,7,26.912500000000023,3.850000000000023,140.9114532470703,922.0050674252108,368.8987121582031
2003,8,26.0895935058594,3.1520935058593977,125.74739837646484,812.8488034721734,372.2830810546875
2003,9,19.735406494140648,-2.8791564941406023,68.0859375,594.811134152936,377.1615295410156
2003,10,20.079156494140648,-5.962499999999977,69.4609375,404.8967129598919,381.53704833984375
2003,11,15.995843505859398,-13.035406494140602,81.61458587646484,222.2244026215884,383.7063293457031
2003,12,2.3812500000000227,-30.535421752929665,78.84635162353516,206.5643721651328,385.08087158203125
2004,1,1.9125000000000227,-34.52499999999998,69.22135162353516,274.08555601453094,385.5469665527344
2004,2,7.652093505859398,-31.88957824707029,89.328125,430.9701079732365,385.9557189941406
2004,3,12.777093505859398,-26.84270324707029,74.6328125,668.6088231418216,385.6706237792969
2004,4,27.235406494140648,-10.327093505859352,61.69401168823242,845.3217451346848,382.0636291503906
2004,5,30.204156494140648,-7.597906494140602,71.95833587646484,1041.0427928708084,378.2904968261719
2004,6,31.5270935058594,1.3500000000000227,129.0442657470703,1037.1040067617123,373.23419189453125
2004,7,29.0895935058594,3.6520935058593977,89.15103912353516,1001.9763069688086,369.5185852050781
2004,8,34.47500000000002,3.1625000000000227,88.5,925.4949882804816,373.26922607421875
2004,9,29.516656494140648,2.8500000000000227,123.38021087646484,613.8806988727931,378.5753173828125
2004,10,21.860406494140648,-7.139593505859352,75.25260162353516,401.682001956568,383.1374816894531
2004,11,19.193750000000023,-12.660406494140602,94.02603912353516,221.0594262097092,385.43402099609375
2004,12,3.766656494140648,-32.82187499999998,39.19010543823242,220.87214958352985,386.6625671386719
2005,1,3.631250000000023,-35.28020324707029,50.94270706176758,278.7834438412945,387.1600036621094
2005,2,4.850000000000023,-41.22292175292967,63.85026168823242,436.61710271675366,387.66314697265625
2005,3,15.277093505859398,-29.649999999999977,73.09375,665.0481182870019,387.4316101074219
2005,4,20.381250000000023,-13.358343505859352,22.01041603088379,953.4978008712466,383.8772277832031
2005,5,29.2458435058594,-4.785406494140602,45.63020706176758,1064.3601486517368,380.14593505859375
2005,6,32.75625000000002,-0.3479064941406022,153.1979217529297,1002.2945083768174,375.1695861816406
2005,7,26.0583435058594,5.183343505859398,152.15625,876.1593105522197,371.4795837402344
2005,8,26.735406494140648,8.162500000000023,107.76302337646484,814.8063429359635,375.4573669433594
2005,9,24.0270935058594,-0.2124999999999772,28.61458396911621,692.5175606412544,380.9681091308594
2005,10,22.1208435058594,-5.785406494140602,89.08333587646484,390.6709511942024,385.6584777832031
2005,11,7.079156494140648,-22.946874999999977,86.86197662353516,242.5156036354857,387.9904479980469
2005,12,5.787500000000023,-26.93645324707029,44.57421875,205.0156496126236,388.946044921875
2006,1,2.7145935058593977,-31.274999999999977,60.97135543823242,270.34116688048005,389.5091247558594
2006,2,4.360406494140648,-35.33749999999998,59.40755081176758,447.67745932432376,390.0455627441406
2006,3,9.287500000000025,-25.07707824707029,43.3671875,684.4034583373385,389.9066467285156
2006,4,24.912500000000023,-8.556249999999977,68.4296875,819.8760426783496,386.3919372558594
2006,5,25.766656494140648,-5.129156494140602,48.06119918823242,1041.503055502725,382.70330810546875
2006,6,30.662500000000023,1.6833435058593975,74.41146087646484,1080.1253526710625,377.7296447753906
2006,7,27.860406494140648,3.266656494140648,130.6380157470703,958.4579254601578,373.9403076171875
2006,8,29.287500000000023,-1.9104064941406025,61.28515625,905.639325884539,377.7276611328125
2006,9,27.756250000000023,-3.0145935058593523,105.26822662353516,601.6551741652595,383.0638732910156
2006,10,17.714593505859398,-13.170843505859352,101.734375,370.842937683983,387.51251220703125
2006,11,13.589593505859398,-26.38957824707029,98.70572662353516,246.18251572428403,389.6793212890625
2006,12,5.131250000000023,-30.738546752929665,81.66927337646484,201.2861847283468,390.90325927734375
2007,1,-1.3687499999999773,-34.29062499999998,74.109375,272.04802471313707,391.34344482421875
2007,2,8.787500000000023,-30.35832824707029,42.45963668823242,455.3210470043994,391.7176513671875
2007,3,12.360406494140648,-18.332296752929665,38.97526168823242,666.7947406455083,391.3722839355469
2007,4,13.620843505859398,-16.295843505859352,37.17708206176758,918.838539161432,387.67218017578125
2007,5,23.766656494140648,-5.618749999999977,52.31640625,1016.7564575780252,383.66009521484375
2007,6,28.110406494140648,2.360406494140648,97.8515625,1011.9554603583108,378.4485168457031
2007,7,29.4958435058594,4.547906494140648,87.09375,1006.7633804480269,374.6681823730469
2007,8,27.4958435058594,3.766656494140648,85.21353912353516,859.9987554847888,378.97265625
2007,9,27.225000000000023,1.3708435058593975,51.74609375,658.5957638925848,384.7119445800781
2007,10,19.3708435058594,-3.931249999999977,127.23177337646484,365.9240513169791,389.3296813964844
2007,11,7.495843505859398,-11.285406494140602,63.875,233.08663133668463,391.63507080078125
2007,12,9.495843505859398,-26.73332824707029,91.17708587646484,188.32607297693968,392.5489807128906
2008,1,0.9437500000000228,-32.363546752929665,38.31119918823242,286.3014477137393,392.96771240234375
2008,2,5.693750000000023,-25.832296752929665,58.4765625,435.02622086494256,393.4869384765625
2008,3,10.527093505859398,-24.85832824707029,69.30989837646484,663.7117194739304,393.3358154296875
2008,4,16.610406494140648,-9.597906494140602,49.921875,820.9023474365232,390.0212097167969
2008,5,28.704156494140648,-4.649999999999977,81.90885162353516,997.9340613573632,386.20513916015625
2008,6,30.360406494140648,1.8812500000000227,154.7552032470703,977.280157231816,381.1918029785156
2008,7,28.943750000000023,4.954156494140648,82.84114837646484,1007.1321255400848,377.38104248046875
2008,8,26.7458435058594,3.766656494140648,20.77994728088379,1014.8431523084488,381.41424560546875
2008,9,23.756250000000023,-6.681249999999977,78.6875,606.5941732257278,386.9130859375
2008,10,14.454156494140648,-7.170843505859352,57.55859375,405.4157708781826,391.24273681640625
2008,11,13.662500000000025,-10.827093505859352,53.9921875,236.37297682540043,393.36614990234375
2008,12,1.9125000000000227,-27.899999999999977,59.34375,209.5265046782745,394.7440490722656
2009,1,0.5166564941406477,-30.81145324707029,121.9140625,239.40007416900207,395.11883544921875
2009,2,5.370843505859398,-31.696874999999977,54.87109375,447.227616732743,395.4265441894531
2009,3,13.662500000000025,-29.660421752929665,44.47135543823242,689.1342785906704,394.85809326171875
2009,4,17.995843505859398,-14.077093505859352,65.2109375,838.6229594560747,391.1938171386719
2009,5,30.381250000000023,-5.920843505859352,105.90364837646484,995.9796855617392,386.9806823730469
2009,6,27.735406494140648,-0.2437499999999772,116.03646087646484,982.814412891538,381.7635803222656
2009,7,30.506250000000023,5.131250000000023,88.90103912353516,1013.9731911476543,378.0590515136719
2009,8,28.797906494140648,5.225000000000023,68.19271087646484,898.2550373252755,382.4167175292969
2009,9,25.068750000000023,-1.3791564941406025,65.65364837646484,622.9735598039431,388.5929260253906
2009,10,17.516656494140648,-6.774999999999977,83.24478912353516,379.1623059841802,393.3695983886719
2009,11,17.016656494140648,-20.618749999999977,114.51041412353516,229.0503240993536,395.726318359375
2009,12,6.745843505859398,-29.082296752929665,94.15885162353516,193.19445247948207,396.4230651855469
2010,1,2.922906494140648,-40.09270324707029,86.86197662353516,267.704836598478,397.08306884765625
2010,2,2.0375000000000227,-37.00937499999998,64.1328125,445.11661175784735,397.7068176269531
2010,3,9.787500000000025,-30.082296752929665,34.20442581176758,700.651849493212,397.728759765625
2010,4,27.506250000000023,-14.712499999999975,84.30989837646484,870.8425626103827,394.3503723144531
2010,5,29.1833435058594,-3.910406494140602,25.029296875,1129.7198305534814,390.5478515625
2010,6,28.381250000000023,2.6833435058593977,90.47916412353516,1025.2533562276883,385.4496154785156
2010,7,28.235406494140648,3.725000000000023,89.10677337646484,992.0436297785312,381.77972412109375
2010,8,27.193750000000023,0.9645935058593976,106.75,830.5979550626803,386.1684875488281
2010,9,26.912500000000023,-0.0458435058593522,32.69010543823242,693.3785411374793,391.9244079589844
2010,10,21.454156494140648,-5.358343505859352,78.26302337646484,398.5842960634913,396.3497619628906
2010,11,11.443750000000025,-14.202093505859352,111.296875,217.54746043993688,398.5540466308594
2010,12,1.9125000000000227,-26.571874999999977,37.02213668823242,218.2650221755657,399.9267883300781
